[
{
  "model": "foods.foodcategory",
  "pk": 18,
  "fields": {
    "name": "Пицца",
    "ordering": null,
    "cover_file": ""
  }
},
{
  "model": "foods.foodcategory",
  "pk": 19,
  "fields": {
    "name": "Закуски",
    "ordering": null,
    "cover_file": ""
  }
},
{
  "model": "foods.foodcategory",
  "pk": 20,
  "fields": {
    "name": "Бургеры и сэндвичи",
    "ordering": null,
    "cover_file": ""
  }
},
{
  "model": "foods.foodcategory",
  "pk": 21,
  "fields": {
    "name": "Салаты",
    "ordering": null,
    "cover_file": ""
  }
},
{
  "model": "foods.foodcategory",
  "pk": 22,
  "fields": {
    "name": "Супы",
    "ordering": null,
    "cover_file": ""
  }
},
{
  "model": "foods.foodcategory",
  "pk": 23,
  "fields": {
    "name": "Спагетти",
    "ordering": null,
    "cover_file": ""
  }
},
{
  "model": "foods.foodcategory",
  "pk": 24,
  "fields": {
    "name": "Горячие блюда",
    "ordering": null,
    "cover_file": ""
  }
},
{
  "model": "foods.foodcategory",
  "pk": 25,
  "fields": {
    "name": "Гарниры",
    "ordering": null,
    "cover_file": ""
  }
},
{
  "model": "foods.foodcategory",
  "pk": 26,
  "fields": {
    "name": "Соусы",
    "ordering": null,
    "cover_file": ""
  }
},
{
  "model": "foods.foodcategory",
  "pk": 27,
  "fields": {
    "name": "Десерты",
    "ordering": null,
    "cover_file": ""
  }
},
{
  "model": "foods.foodcategory",
  "pk": 28,
  "fields": {
    "name": "Напитки",
    "ordering": null,
    "cover_file": ""
  }
},
{
  "model": "foods.foodcategory",
  "pk": 29,
  "fields": {
    "name": "Пиво",
    "ordering": null,
    "cover_file": ""
  }
},
{
  "model": "foods.foodcategory",
  "pk": 30,
  "fields": {
    "name": "К пиву",
    "ordering": null,
    "cover_file": ""
  }
},
{
  "model": "foods.foodcategory",
  "pk": 31,
  "fields": {
    "name": "Спиртные напитки",
    "ordering": null,
    "cover_file": ""
  }
},
{
  "model": "foods.foodcategory",
  "pk": 32,
  "fields": {
    "name": "Сигареты",
    "ordering": null,
    "cover_file": ""
  }
},
{
  "model": "foods.foodcategory",
  "pk": 33,
  "fields": {
    "name": "Коктейли",
    "ordering": null,
    "cover_file": ""
  }
},
{
  "model": "foods.foodcategory",
  "pk": 60,
  "fields": {
    "name": "60new",
    "ordering": null,
    "cover_file": ""
  }
},
{
  "model": "foods.foodcategory",
  "pk": 1000,
  "fields": {
    "name": "1000mult",
    "ordering": null,
    "cover_file": ""
  }
},
{
  "model": "foods.foodcategory",
  "pk": 10000,
  "fields": {
    "name": "10000mult",
    "ordering": null,
    "cover_file": ""
  }
},
{
  "model": "foods.food",
  "pk": 1,
  "fields": {
    "name": "Цезарь1new",
    "category": 26,
    "image": "",
    "desc": "salad etc",
    "gram": 250,
    "price": 250,
    "is_deactivated": false,
    "is_popular": false
  }
},
{
  "model": "foods.food",
  "pk": 2,
  "fields": {
    "name": "Food 1",
    "category": null,
    "image": "",
    "desc": "food desc 1",
    "gram": 546,
    "price": 909,
    "is_deactivated": false,
    "is_popular": false
  }
},
{
  "model": "foods.food",
  "pk": 3,
  "fields": {
    "name": "Food 2",
    "category": null,
    "image": "",
    "desc": "food desc 2",
    "gram": 552,
    "price": 471,
    "is_deactivated": true,
    "is_popular": false
  }
},
{
  "model": "foods.food",
  "pk": 4,
  "fields": {
    "name": "Food 3",
    "category": null,
    "image": "",
    "desc": "food desc 3",
    "gram": 818,
    "price": 138,
    "is_deactivated": true,
    "is_popular": false
  }
},
{
  "model": "foods.food",
  "pk": 5,
  "fields": {
    "name": "Food 4",
    "category": null,
    "image": "",
    "desc": "food desc 4",
    "gram": 445,
    "price": 221,
    "is_deactivated": false,
    "is_popular": false
  }
},
{
  "model": "foods.food",
  "pk": 6,
  "fields": {
    "name": "Food 5",
    "category": null,
    "image": "",
    "desc": "food desc 5",
    "gram": 473,
    "price": 682,
    "is_deactivated": false,
    "is_popular": false
  }
},
{
  "model": "foods.food",
  "pk": 7,
  "fields": {
    "name": "Food 6",
    "category": null,
    "image": "",
    "desc": "food desc 6",
    "gram": 970,
    "price": 379,
    "is_deactivated": false,
    "is_popular": false
  }
},
{
  "model": "foods.food",
  "pk": 8,
  "fields": {
    "name": "Food 7",
    "category": null,
    "image": "",
    "desc": "food desc 7",
    "gram": 924,
    "price": 239,
    "is_deactivated": false,
    "is_popular": false
  }
},
{
  "model": "foods.food",
  "pk": 9,
  "fields": {
    "name": "Food 8",
    "category": null,
    "image": "",
    "desc": "food desc 8",
    "gram": 274,
    "price": 142,
    "is_deactivated": false,
    "is_popular": false
  }
},
{
  "model": "foods.food",
  "pk": 10,
  "fields": {
    "name": "Food 9",
    "category": null,
    "image": "",
    "desc": "food desc 9",
    "gram": 610,
    "price": 972,
    "is_deactivated": false,
    "is_popular": false
  }
},
{
  "model": "foods.food",
  "pk": 11,
  "fields": {
    "name": "Food 10",
    "category": null,
    "image": "",
    "desc": "food desc 10",
    "gram": 495,
    "price": 444,
    "is_deactivated": false,
    "is_popular": false
  }
},
{
  "model": "foods.food",
  "pk": 12,
  "fields": {
    "name": "Food 11",
    "category": null,
    "image": "",
    "desc": "food desc 11",
    "gram": 560,
    "price": 166,
    "is_deactivated": false,
    "is_popular": false
  }
},
{
  "model": "foods.food",
  "pk": 13,
  "fields": {
    "name": "Food 12",
    "category": null,
    "image": "",
    "desc": "food desc 12",
    "gram": 381,
    "price": 608,
    "is_deactivated": false,
    "is_popular": false
  }
},
{
  "model": "foods.food",
  "pk": 14,
  "fields": {
    "name": "Food 13",
    "category": null,
    "image": "",
    "desc": "food desc 13",
    "gram": 863,
    "price": 370,
    "is_deactivated": false,
    "is_popular": false
  }
},
{
  "model": "foods.food",
  "pk": 15,
  "fields": {
    "name": "Food 14",
    "category": null,
    "image": "",
    "desc": "food desc 14",
    "gram": 564,
    "price": 874,
    "is_deactivated": false,
    "is_popular": false
  }
},
{
  "model": "foods.food",
  "pk": 16,
  "fields": {
    "name": "Food 15",
    "category": null,
    "image": "",
    "desc": "food desc 15",
    "gram": 228,
    "price": 897,
    "is_deactivated": false,
    "is_popular": false
  }
},
{
  "model": "foods.food",
  "pk": 17,
  "fields": {
    "name": "Food 16",
    "category": null,
    "image": "",
    "desc": "food desc 16",
    "gram": 798,
    "price": 962,
    "is_deactivated": false,
    "is_popular": false
  }
},
{
  "model": "foods.food",
  "pk": 18,
  "fields": {
    "name": "Food 17",
    "category": null,
    "image": "",
    "desc": "food desc 17",
    "gram": 835,
    "price": 910,
    "is_deactivated": false,
    "is_popular": false
  }
},
{
  "model": "foods.food",
  "pk": 19,
  "fields": {
    "name": "Food 18",
    "category": null,
    "image": "",
    "desc": "food desc 18",
    "gram": 284,
    "price": 416,
    "is_deactivated": false,
    "is_popular": false
  }
},
{
  "model": "foods.food",
  "pk": 20,
  "fields": {
    "name": "Food 19",
    "category": null,
    "image": "",
    "desc": "food desc 19",
    "gram": 497,
    "price": 628,
    "is_deactivated": false,
    "is_popular": false
  }
},
{
  "model": "foods.food",
  "pk": 21,
  "fields": {
    "name": "Food 20",
    "category": null,
    "image": "",
    "desc": "food desc 20",
    "gram": 388,
    "price": 908,
    "is_deactivated": false,
    "is_popular": false
  }
},
{
  "model": "foods.food",
  "pk": 22,
  "fields": {
    "name": "Food 21",
    "category": null,
    "image": "",
    "desc": "food desc 21",
    "gram": 476,
    "price": 460,
    "is_deactivated": false,
    "is_popular": false
  }
},
{
  "model": "foods.food",
  "pk": 23,
  "fields": {
    "name": "Food 22",
    "category": null,
    "image": "",
    "desc": "food desc 22",
    "gram": 559,
    "price": 233,
    "is_deactivated": false,
    "is_popular": false
  }
},
{
  "model": "foods.food",
  "pk": 24,
  "fields": {
    "name": "Food 23",
    "category": null,
    "image": "",
    "desc": "food desc 23",
    "gram": 381,
    "price": 445,
    "is_deactivated": false,
    "is_popular": false
  }
},
{
  "model": "foods.food",
  "pk": 25,
  "fields": {
    "name": "Food 24",
    "category": null,
    "image": "",
    "desc": "food desc 24",
    "gram": 628,
    "price": 627,
    "is_deactivated": false,
    "is_popular": false
  }
},
{
  "model": "foods.food",
  "pk": 26,
  "fields": {
    "name": "Food 25",
    "category": null,
    "image": "",
    "desc": "food desc 25",
    "gram": 732,
    "price": 869,
    "is_deactivated": false,
    "is_popular": false
  }
},
{
  "model": "foods.food",
  "pk": 27,
  "fields": {
    "name": "Food 26",
    "category": null,
    "image": "",
    "desc": "food desc 26",
    "gram": 654,
    "price": 195,
    "is_deactivated": false,
    "is_popular": false
  }
},
{
  "model": "foods.food",
  "pk": 28,
  "fields": {
    "name": "Food 27",
    "category": null,
    "image": "",
    "desc": "food desc 27",
    "gram": 627,
    "price": 964,
    "is_deactivated": false,
    "is_popular": false
  }
},
{
  "model": "foods.food",
  "pk": 29,
  "fields": {
    "name": "Food 28",
    "category": null,
    "image": "",
    "desc": "food desc 28",
    "gram": 337,
    "price": 406,
    "is_deactivated": false,
    "is_popular": false
  }
},
{
  "model": "foods.food",
  "pk": 30,
  "fields": {
    "name": "Food 29",
    "category": null,
    "image": "",
    "desc": "food desc 29",
    "gram": 524,
    "price": 819,
    "is_deactivated": false,
    "is_popular": false
  }
},
{
  "model": "foods.food",
  "pk": 31,
  "fields": {
    "name": "Food 30",
    "category": null,
    "image": "",
    "desc": "food desc 30",
    "gram": 945,
    "price": 662,
    "is_deactivated": false,
    "is_popular": false
  }
},
{
  "model": "foods.food",
  "pk": 32,
  "fields": {
    "name": "Food 31",
    "category": null,
    "image": "",
    "desc": "food desc 31",
    "gram": 764,
    "price": 625,
    "is_deactivated": false,
    "is_popular": false
  }
},
{
  "model": "foods.food",
  "pk": 33,
  "fields": {
    "name": "Food 32",
    "category": null,
    "image": "",
    "desc": "food desc 32",
    "gram": 959,
    "price": 706,
    "is_deactivated": false,
    "is_popular": false
  }
},
{
  "model": "foods.food",
  "pk": 34,
  "fields": {
    "name": "Food 33",
    "category": null,
    "image": "",
    "desc": "food desc 33",
    "gram": 187,
    "price": 910,
    "is_deactivated": false,
    "is_popular": false
  }
},
{
  "model": "foods.food",
  "pk": 35,
  "fields": {
    "name": "Food 34",
    "category": null,
    "image": "",
    "desc": "food desc 34",
    "gram": 297,
    "price": 786,
    "is_deactivated": false,
    "is_popular": false
  }
},
{
  "model": "foods.food",
  "pk": 36,
  "fields": {
    "name": "Food 35",
    "category": null,
    "image": "",
    "desc": "food desc 35",
    "gram": 666,
    "price": 757,
    "is_deactivated": false,
    "is_popular": false
  }
},
{
  "model": "foods.food",
  "pk": 37,
  "fields": {
    "name": "Food 36",
    "category": null,
    "image": "",
    "desc": "food desc 36",
    "gram": 955,
    "price": 325,
    "is_deactivated": false,
    "is_popular": false
  }
},
{
  "model": "foods.food",
  "pk": 38,
  "fields": {
    "name": "Food 37",
    "category": null,
    "image": "",
    "desc": "food desc 37",
    "gram": 875,
    "price": 295,
    "is_deactivated": false,
    "is_popular": false
  }
},
{
  "model": "foods.food",
  "pk": 39,
  "fields": {
    "name": "Food 38",
    "category": null,
    "image": "",
    "desc": "food desc 38",
    "gram": 469,
    "price": 457,
    "is_deactivated": false,
    "is_popular": false
  }
},
{
  "model": "foods.food",
  "pk": 40,
  "fields": {
    "name": "Food 39",
    "category": null,
    "image": "",
    "desc": "food desc 39",
    "gram": 407,
    "price": 814,
    "is_deactivated": false,
    "is_popular": false
  }
},
{
  "model": "foods.food",
  "pk": 41,
  "fields": {
    "name": "Food 40",
    "category": null,
    "image": "",
    "desc": "food desc 40",
    "gram": 774,
    "price": 752,
    "is_deactivated": false,
    "is_popular": false
  }
},
{
  "model": "foods.food",
  "pk": 42,
  "fields": {
    "name": "Food 41",
    "category": null,
    "image": "",
    "desc": "food desc 41",
    "gram": 673,
    "price": 187,
    "is_deactivated": false,
    "is_popular": false
  }
},
{
  "model": "foods.food",
  "pk": 43,
  "fields": {
    "name": "Food 42",
    "category": null,
    "image": "",
    "desc": "food desc 42",
    "gram": 564,
    "price": 825,
    "is_deactivated": false,
    "is_popular": false
  }
},
{
  "model": "foods.food",
  "pk": 44,
  "fields": {
    "name": "Food 43",
    "category": null,
    "image": "",
    "desc": "food desc 43",
    "gram": 620,
    "price": 528,
    "is_deactivated": false,
    "is_popular": false
  }
},
{
  "model": "foods.food",
  "pk": 45,
  "fields": {
    "name": "Food 44",
    "category": null,
    "image": "",
    "desc": "food desc 44",
    "gram": 939,
    "price": 399,
    "is_deactivated": false,
    "is_popular": false
  }
},
{
  "model": "foods.food",
  "pk": 46,
  "fields": {
    "name": "Food 45",
    "category": null,
    "image": "",
    "desc": "food desc 45",
    "gram": 326,
    "price": 399,
    "is_deactivated": false,
    "is_popular": false
  }
},
{
  "model": "foods.food",
  "pk": 47,
  "fields": {
    "name": "Food 46",
    "category": null,
    "image": "",
    "desc": "food desc 46",
    "gram": 758,
    "price": 426,
    "is_deactivated": false,
    "is_popular": false
  }
},
{
  "model": "foods.food",
  "pk": 48,
  "fields": {
    "name": "Food 47",
    "category": null,
    "image": "",
    "desc": "food desc 47",
    "gram": 303,
    "price": 760,
    "is_deactivated": false,
    "is_popular": false
  }
},
{
  "model": "foods.food",
  "pk": 49,
  "fields": {
    "name": "Food 48",
    "category": null,
    "image": "",
    "desc": "food desc 48",
    "gram": 707,
    "price": 270,
    "is_deactivated": false,
    "is_popular": false
  }
},
{
  "model": "foods.food",
  "pk": 50,
  "fields": {
    "name": "Food 49",
    "category": null,
    "image": "",
    "desc": "food desc 49",
    "gram": 457,
    "price": 968,
    "is_deactivated": false,
    "is_popular": false
  }
},
{
  "model": "foods.food",
  "pk": 51,
  "fields": {
    "name": "Food 50",
    "category": null,
    "image": "",
    "desc": "food desc 50",
    "gram": 162,
    "price": 963,
    "is_deactivated": false,
    "is_popular": false
  }
},
{
  "model": "foods.food",
  "pk": 52,
  "fields": {
    "name": "Food 51",
    "category": null,
    "image": "",
    "desc": "food desc 51",
    "gram": 540,
    "price": 148,
    "is_deactivated": false,
    "is_popular": false
  }
},
{
  "model": "foods.food",
  "pk": 53,
  "fields": {
    "name": "Food 52",
    "category": null,
    "image": "",
    "desc": "food desc 52",
    "gram": 351,
    "price": 878,
    "is_deactivated": false,
    "is_popular": false
  }
},
{
  "model": "foods.food",
  "pk": 54,
  "fields": {
    "name": "Food 53",
    "category": null,
    "image": "",
    "desc": "food desc 53",
    "gram": 507,
    "price": 191,
    "is_deactivated": false,
    "is_popular": false
  }
},
{
  "model": "foods.food",
  "pk": 55,
  "fields": {
    "name": "Food 54",
    "category": null,
    "image": "",
    "desc": "food desc 54",
    "gram": 295,
    "price": 445,
    "is_deactivated": false,
    "is_popular": false
  }
},
{
  "model": "foods.food",
  "pk": 56,
  "fields": {
    "name": "Food 55",
    "category": null,
    "image": "",
    "desc": "food desc 55",
    "gram": 557,
    "price": 308,
    "is_deactivated": false,
    "is_popular": false
  }
},
{
  "model": "foods.food",
  "pk": 57,
  "fields": {
    "name": "Food 56",
    "category": null,
    "image": "",
    "desc": "food desc 56",
    "gram": 877,
    "price": 997,
    "is_deactivated": false,
    "is_popular": false
  }
},
{
  "model": "foods.food",
  "pk": 58,
  "fields": {
    "name": "Food 57",
    "category": null,
    "image": "",
    "desc": "food desc 57",
    "gram": 960,
    "price": 597,
    "is_deactivated": false,
    "is_popular": false
  }
},
{
  "model": "foods.food",
  "pk": 59,
  "fields": {
    "name": "Food 58",
    "category": null,
    "image": "",
    "desc": "food desc 58",
    "gram": 485,
    "price": 531,
    "is_deactivated": false,
    "is_popular": false
  }
},
{
  "model": "foods.food",
  "pk": 60,
  "fields": {
    "name": "Food 59",
    "category": null,
    "image": "",
    "desc": "food desc 59",
    "gram": 260,
    "price": 104,
    "is_deactivated": false,
    "is_popular": false
  }
},
{
  "model": "foods.food",
  "pk": 61,
  "fields": {
    "name": "Food 60",
    "category": null,
    "image": "",
    "desc": "food desc 60",
    "gram": 351,
    "price": 206,
    "is_deactivated": false,
    "is_popular": false
  }
},
{
  "model": "foods.food",
  "pk": 62,
  "fields": {
    "name": "Food 61",
    "category": null,
    "image": "",
    "desc": "food desc 61",
    "gram": 252,
    "price": 889,
    "is_deactivated": false,
    "is_popular": false
  }
},
{
  "model": "foods.food",
  "pk": 63,
  "fields": {
    "name": "Food 62",
    "category": null,
    "image": "",
    "desc": "food desc 62",
    "gram": 501,
    "price": 255,
    "is_deactivated": false,
    "is_popular": false
  }
},
{
  "model": "foods.food",
  "pk": 64,
  "fields": {
    "name": "Food 63",
    "category": null,
    "image": "",
    "desc": "food desc 63",
    "gram": 732,
    "price": 802,
    "is_deactivated": false,
    "is_popular": false
  }
},
{
  "model": "foods.food",
  "pk": 65,
  "fields": {
    "name": "Food 64",
    "category": null,
    "image": "",
    "desc": "food desc 64",
    "gram": 884,
    "price": 260,
    "is_deactivated": false,
    "is_popular": false
  }
},
{
  "model": "foods.food",
  "pk": 66,
  "fields": {
    "name": "Food 65",
    "category": null,
    "image": "",
    "desc": "food desc 65",
    "gram": 442,
    "price": 169,
    "is_deactivated": false,
    "is_popular": false
  }
},
{
  "model": "foods.food",
  "pk": 67,
  "fields": {
    "name": "Food 66",
    "category": null,
    "image": "",
    "desc": "food desc 66",
    "gram": 647,
    "price": 745,
    "is_deactivated": false,
    "is_popular": false
  }
},
{
  "model": "foods.food",
  "pk": 68,
  "fields": {
    "name": "Food 67",
    "category": null,
    "image": "",
    "desc": "food desc 67",
    "gram": 895,
    "price": 867,
    "is_deactivated": false,
    "is_popular": false
  }
},
{
  "model": "foods.food",
  "pk": 69,
  "fields": {
    "name": "Food 68",
    "category": null,
    "image": "",
    "desc": "food desc 68",
    "gram": 270,
    "price": 535,
    "is_deactivated": false,
    "is_popular": false
  }
},
{
  "model": "foods.food",
  "pk": 70,
  "fields": {
    "name": "Food 69",
    "category": null,
    "image": "",
    "desc": "food desc 69",
    "gram": 340,
    "price": 771,
    "is_deactivated": false,
    "is_popular": false
  }
},
{
  "model": "foods.food",
  "pk": 71,
  "fields": {
    "name": "Food 70",
    "category": null,
    "image": "",
    "desc": "food desc 70",
    "gram": 340,
    "price": 716,
    "is_deactivated": false,
    "is_popular": false
  }
},
{
  "model": "foods.food",
  "pk": 72,
  "fields": {
    "name": "Food 71",
    "category": null,
    "image": "",
    "desc": "food desc 71",
    "gram": 679,
    "price": 355,
    "is_deactivated": false,
    "is_popular": false
  }
},
{
  "model": "foods.food",
  "pk": 73,
  "fields": {
    "name": "Food 72",
    "category": null,
    "image": "",
    "desc": "food desc 72",
    "gram": 374,
    "price": 945,
    "is_deactivated": false,
    "is_popular": false
  }
},
{
  "model": "foods.food",
  "pk": 74,
  "fields": {
    "name": "Food 73",
    "category": null,
    "image": "",
    "desc": "food desc 73",
    "gram": 903,
    "price": 693,
    "is_deactivated": false,
    "is_popular": false
  }
},
{
  "model": "foods.food",
  "pk": 75,
  "fields": {
    "name": "Food 74",
    "category": null,
    "image": "",
    "desc": "food desc 74",
    "gram": 347,
    "price": 715,
    "is_deactivated": false,
    "is_popular": false
  }
},
{
  "model": "foods.food",
  "pk": 76,
  "fields": {
    "name": "Food 75",
    "category": null,
    "image": "",
    "desc": "food desc 75",
    "gram": 629,
    "price": 598,
    "is_deactivated": false,
    "is_popular": false
  }
},
{
  "model": "foods.food",
  "pk": 77,
  "fields": {
    "name": "Food 76",
    "category": null,
    "image": "",
    "desc": "food desc 76",
    "gram": 723,
    "price": 132,
    "is_deactivated": false,
    "is_popular": false
  }
},
{
  "model": "foods.food",
  "pk": 78,
  "fields": {
    "name": "Food 77",
    "category": null,
    "image": "",
    "desc": "food desc 77",
    "gram": 843,
    "price": 206,
    "is_deactivated": false,
    "is_popular": false
  }
},
{
  "model": "foods.food",
  "pk": 79,
  "fields": {
    "name": "Food 78",
    "category": null,
    "image": "",
    "desc": "food desc 78",
    "gram": 303,
    "price": 392,
    "is_deactivated": false,
    "is_popular": false
  }
},
{
  "model": "foods.food",
  "pk": 80,
  "fields": {
    "name": "Food 79",
    "category": null,
    "image": "",
    "desc": "food desc 79",
    "gram": 423,
    "price": 621,
    "is_deactivated": false,
    "is_popular": false
  }
},
{
  "model": "foods.food",
  "pk": 81,
  "fields": {
    "name": "Food 80",
    "category": null,
    "image": "",
    "desc": "food desc 80",
    "gram": 729,
    "price": 298,
    "is_deactivated": false,
    "is_popular": false
  }
},
{
  "model": "foods.food",
  "pk": 82,
  "fields": {
    "name": "Food 81",
    "category": null,
    "image": "",
    "desc": "food desc 81",
    "gram": 239,
    "price": 440,
    "is_deactivated": false,
    "is_popular": false
  }
},
{
  "model": "foods.food",
  "pk": 83,
  "fields": {
    "name": "Food 82",
    "category": null,
    "image": "",
    "desc": "food desc 82",
    "gram": 919,
    "price": 918,
    "is_deactivated": false,
    "is_popular": false
  }
},
{
  "model": "foods.food",
  "pk": 84,
  "fields": {
    "name": "Food 83",
    "category": null,
    "image": "",
    "desc": "food desc 83",
    "gram": 212,
    "price": 550,
    "is_deactivated": false,
    "is_popular": false
  }
},
{
  "model": "foods.food",
  "pk": 85,
  "fields": {
    "name": "Food 84",
    "category": null,
    "image": "",
    "desc": "food desc 84",
    "gram": 771,
    "price": 647,
    "is_deactivated": false,
    "is_popular": false
  }
},
{
  "model": "foods.food",
  "pk": 86,
  "fields": {
    "name": "Food 85",
    "category": null,
    "image": "",
    "desc": "food desc 85",
    "gram": 628,
    "price": 603,
    "is_deactivated": false,
    "is_popular": false
  }
},
{
  "model": "foods.food",
  "pk": 87,
  "fields": {
    "name": "Food 86",
    "category": null,
    "image": "",
    "desc": "food desc 86",
    "gram": 598,
    "price": 581,
    "is_deactivated": false,
    "is_popular": false
  }
},
{
  "model": "foods.food",
  "pk": 88,
  "fields": {
    "name": "Food 87",
    "category": null,
    "image": "",
    "desc": "food desc 87",
    "gram": 941,
    "price": 864,
    "is_deactivated": false,
    "is_popular": false
  }
},
{
  "model": "foods.food",
  "pk": 89,
  "fields": {
    "name": "Food 88",
    "category": null,
    "image": "",
    "desc": "food desc 88",
    "gram": 232,
    "price": 638,
    "is_deactivated": false,
    "is_popular": false
  }
},
{
  "model": "foods.food",
  "pk": 90,
  "fields": {
    "name": "Food 89",
    "category": null,
    "image": "",
    "desc": "food desc 89",
    "gram": 562,
    "price": 229,
    "is_deactivated": false,
    "is_popular": false
  }
},
{
  "model": "foods.food",
  "pk": 91,
  "fields": {
    "name": "Food 90",
    "category": null,
    "image": "",
    "desc": "food desc 90",
    "gram": 821,
    "price": 722,
    "is_deactivated": false,
    "is_popular": false
  }
},
{
  "model": "foods.food",
  "pk": 92,
  "fields": {
    "name": "Food 91",
    "category": null,
    "image": "",
    "desc": "food desc 91",
    "gram": 621,
    "price": 805,
    "is_deactivated": false,
    "is_popular": false
  }
},
{
  "model": "foods.food",
  "pk": 93,
  "fields": {
    "name": "Food 92",
    "category": null,
    "image": "",
    "desc": "food desc 92",
    "gram": 310,
    "price": 867,
    "is_deactivated": false,
    "is_popular": false
  }
},
{
  "model": "foods.food",
  "pk": 94,
  "fields": {
    "name": "Food 93",
    "category": null,
    "image": "",
    "desc": "food desc 93",
    "gram": 602,
    "price": 272,
    "is_deactivated": false,
    "is_popular": false
  }
},
{
  "model": "foods.food",
  "pk": 95,
  "fields": {
    "name": "Food 94",
    "category": null,
    "image": "",
    "desc": "food desc 94",
    "gram": 235,
    "price": 510,
    "is_deactivated": false,
    "is_popular": false
  }
},
{
  "model": "foods.food",
  "pk": 96,
  "fields": {
    "name": "Food 95",
    "category": null,
    "image": "",
    "desc": "food desc 95",
    "gram": 594,
    "price": 218,
    "is_deactivated": false,
    "is_popular": false
  }
},
{
  "model": "foods.food",
  "pk": 97,
  "fields": {
    "name": "Food 96",
    "category": null,
    "image": "",
    "desc": "food desc 96",
    "gram": 281,
    "price": 658,
    "is_deactivated": false,
    "is_popular": true
  }
},
{
  "model": "foods.food",
  "pk": 98,
  "fields": {
    "name": "Food 97",
    "category": null,
    "image": "",
    "desc": "food desc 97",
    "gram": 662,
    "price": 842,
    "is_deactivated": false,
    "is_popular": false
  }
},
{
  "model": "foods.food",
  "pk": 99,
  "fields": {
    "name": "Food 98",
    "category": null,
    "image": "",
    "desc": "food desc 98",
    "gram": 290,
    "price": 153,
    "is_deactivated": false,
    "is_popular": false
  }
},
{
  "model": "foods.food",
  "pk": 100,
  "fields": {
    "name": "Food 99",
    "category": null,
    "image": "",
    "desc": "food desc 99",
    "gram": 965,
    "price": 131,
    "is_deactivated": false,
    "is_popular": true
  }
},
{
  "model": "foods.food",
  "pk": 101,
  "fields": {
    "name": "Пицца с СЫРом",
    "category": null,
    "image": "foods/5dis.png",
    "desc": "",
    "gram": 0,
    "price": 0,
    "is_deactivated": false,
    "is_popular": false
  }
},
{
  "model": "foods.food",
  "pk": 102,
  "fields": {
    "name": "Кесадильи",
    "category": null,
    "image": "foods/5dis_Cy8l3M2.png",
    "desc": "С сыром",
    "gram": 0,
    "price": 0,
    "is_deactivated": false,
    "is_popular": false
  }
},
{
  "model": "foods.food",
  "pk": 103,
  "fields": {
    "name": "Окрошка",
    "category": null,
    "image": "foods/5dis_u5uRQ4O.png",
    "desc": "",
    "gram": 0,
    "price": 0,
    "is_deactivated": false,
    "is_popular": false
  }
},
{
  "model": "foods.food",
  "pk": 104,
  "fields": {
    "name": "Нью-Йорк",
    "category": 18,
    "image": "",
    "desc": "Описание",
    "gram": 650,
    "price": 658,
    "is_deactivated": false,
    "is_popular": false
  }
},
{
  "model": "foods.food",
  "pk": 105,
  "fields": {
    "name": "Цезарь",
    "category": 25,
    "image": "",
    "desc": null,
    "gram": 0,
    "price": 0,
    "is_deactivated": false,
    "is_popular": false
  }
},
{
  "model": "foods.food",
  "pk": 139,
  "fields": {
    "name": "Filadelfia",
    "category": 25,
    "image": "",
    "desc": null,
    "gram": 250,
    "price": 360,
    "is_deactivated": false,
    "is_popular": false
  }
},
{
  "model": "foods.food",
  "pk": 140,
  "fields": {
    "name": "Filadelfia",
    "category": 18,
    "image": "",
    "desc": "",
    "gram": 0,
    "price": 0,
    "is_deactivated": false,
    "is_popular": false
  }
},
{
  "model": "foods.food",
  "pk": 141,
  "fields": {
    "name": "Цезарь1000new",
    "category": 26,
    "image": "",
    "desc": "salad etc",
    "gram": 250,
    "price": 250,
    "is_deactivated": false,
    "is_popular": false
  }
},
{
  "model": "foods.food",
  "pk": 1000,
  "fields": {
    "name": "1000mult",
    "category": 24,
    "image": "",
    "desc": "salapl'kd etc",
    "gram": 300,
    "price": 350,
    "is_deactivated": false,
    "is_popular": false
  }
},
{
  "model": "foods.food",
  "pk": 10000,
  "fields": {
    "name": "10000newwlt",
    "category": 25,
    "image": "",
    "desc": "new DDESdesc",
    "gram": 300,
    "price": 3451,
    "is_deactivated": false,
    "is_popular": false
  }
},
{
  "model": "foods.orderstatus",
  "pk": 10,
  "fields": {
    "name": "В обработке",
    "color": "#FF0000"
  }
},
{
  "model": "foods.orderstatus",
  "pk": 11,
  "fields": {
    "name": "Заказ принят",
    "color": "#FF0000"
  }
},
{
  "model": "foods.orderstatus",
  "pk": 12,
  "fields": {
    "name": "Заказ передан на кухню",
    "color": "#FF0000"
  }
},
{
  "model": "foods.orderstatus",
  "pk": 13,
  "fields": {
    "name": "Заказ передан курьеру",
    "color": "#FF0000"
  }
},
{
  "model": "foods.orderstatus",
  "pk": 14,
  "fields": {
    "name": "Доставлено",
    "color": "#FF0000"
  }
},
{
  "model": "foods.orderstatus",
  "pk": 15,
  "fields": {
    "name": "Отменено",
    "color": "#FF0000"
  }
},
{
  "model": "foods.paymenttype",
  "pk": 1,
  "fields": {
    "name": "PaymentType 0"
  }
},
{
  "model": "foods.paymenttype",
  "pk": 2,
  "fields": {
    "name": "PaymentType 1"
  }
},
{
  "model": "foods.paymenttype",
  "pk": 3,
  "fields": {
    "name": "PaymentType 2"
  }
},
{
  "model": "foods.paymenttype",
  "pk": 4,
  "fields": {
    "name": "PaymentType 3"
  }
},
{
  "model": "foods.paymenttype",
  "pk": 5,
  "fields": {
    "name": "PaymentType 4"
  }
},
{
  "model": "foods.paymenttype",
  "pk": 6,
  "fields": {
    "name": "PaymentType 0"
  }
},
{
  "model": "foods.paymenttype",
  "pk": 7,
  "fields": {
    "name": "PaymentType 1"
  }
},
{
  "model": "foods.paymenttype",
  "pk": 8,
  "fields": {
    "name": "PaymentType 2"
  }
},
{
  "model": "foods.paymenttype",
  "pk": 9,
  "fields": {
    "name": "PaymentType 3"
  }
},
{
  "model": "foods.paymenttype",
  "pk": 10,
  "fields": {
    "name": "PaymentType 4"
  }
},
{
  "model": "foods.paymenttype",
  "pk": 11,
  "fields": {
    "name": "Наличные"
  }
},
{
  "model": "foods.ordersource",
  "pk": 1,
  "fields": {
    "name": "OrderSource 1"
  }
},
{
  "model": "foods.ordersource",
  "pk": 2,
  "fields": {
    "name": "OrderSource 2"
  }
},
{
  "model": "foods.ordersource",
  "pk": 3,
  "fields": {
    "name": "OrderSource 3"
  }
},
{
  "model": "foods.ordersource",
  "pk": 4,
  "fields": {
    "name": "OrderSource 4"
  }
},
{
  "model": "foods.ordersource",
  "pk": 5,
  "fields": {
    "name": "mobile"
  }
},
{
  "model": "foods.ordersource",
  "pk": 6,
  "fields": {
    "name": "website"
  }
},
{
  "model": "foods.ordersource",
  "pk": 7,
  "fields": {
    "name": "institution"
  }
},
{
  "model": "foods.orderfood",
  "pk": 247,
  "fields": {
    "food": 3,
    "amount": 3,
    "order": 116,
    "user": 1,
    "price": 0
  }
},
{
  "model": "foods.orderfood",
  "pk": 248,
  "fields": {
    "food": 2,
    "amount": 4,
    "order": 116,
    "user": 1,
    "price": 0
  }
},
{
  "model": "foods.orderfood",
  "pk": 249,
  "fields": {
    "food": 1,
    "amount": 1,
    "order": 116,
    "user": 1,
    "price": 0
  }
},
{
  "model": "foods.orderfood",
  "pk": 250,
  "fields": {
    "food": 1,
    "amount": 1,
    "order": 117,
    "user": 1,
    "price": 0
  }
},
{
  "model": "foods.orderfood",
  "pk": 251,
  "fields": {
    "food": 2,
    "amount": 2,
    "order": 117,
    "user": 1,
    "price": 0
  }
},
{
  "model": "foods.orderfood",
  "pk": 252,
  "fields": {
    "food": 1,
    "amount": 10,
    "order": 118,
    "user": 1,
    "price": 0
  }
},
{
  "model": "foods.orderfood",
  "pk": 253,
  "fields": {
    "food": 1,
    "amount": 1,
    "order": 120,
    "user": 1,
    "price": 0
  }
},
{
  "model": "foods.orderfood",
  "pk": 254,
  "fields": {
    "food": 10,
    "amount": 1,
    "order": 121,
    "user": 1,
    "price": 0
  }
},
{
  "model": "foods.orderfood",
  "pk": 255,
  "fields": {
    "food": 10,
    "amount": 1,
    "order": 122,
    "user": 11,
    "price": 0
  }
},
{
  "model": "foods.orderfood",
  "pk": 257,
  "fields": {
    "food": 10,
    "amount": 1,
    "order": 123,
    "user": 1,
    "price": 0
  }
},
{
  "model": "foods.orderfood",
  "pk": 258,
  "fields": {
    "food": 11,
    "amount": 1,
    "order": 123,
    "user": 1,
    "price": 0
  }
},
{
  "model": "foods.orderfood",
  "pk": 259,
  "fields": {
    "food": 12,
    "amount": 2,
    "order": 123,
    "user": 1,
    "price": 0
  }
},
{
  "model": "foods.orderfood",
  "pk": 260,
  "fields": {
    "food": 12,
    "amount": 2,
    "order": 124,
    "user": 27,
    "price": 0
  }
},
{
  "model": "foods.orderfood",
  "pk": 261,
  "fields": {
    "food": 12,
    "amount": 3,
    "order": 125,
    "user": 27,
    "price": 0
  }
},
{
  "model": "foods.orderfood",
  "pk": 263,
  "fields": {
    "food": 13,
    "amount": 2,
    "order": 126,
    "user": 27,
    "price": 0
  }
},
{
  "model": "foods.orderfood",
  "pk": 264,
  "fields": {
    "food": 1,
    "amount": 1,
    "order": null,
    "user": null,
    "price": 0
  }
},
{
  "model": "foods.orderfood",
  "pk": 265,
  "fields": {
    "food": 2,
    "amount": 2,
    "order": null,
    "user": null,
    "price": 0
  }
},
{
  "model": "foods.orderfood",
  "pk": 266,
  "fields": {
    "food": 1,
    "amount": 1,
    "order": null,
    "user": null,
    "price": 0
  }
},
{
  "model": "foods.orderfood",
  "pk": 267,
  "fields": {
    "food": 2,
    "amount": 2,
    "order": null,
    "user": null,
    "price": 0
  }
},
{
  "model": "foods.orderfood",
  "pk": 268,
  "fields": {
    "food": 1,
    "amount": 1,
    "order": null,
    "user": null,
    "price": 0
  }
},
{
  "model": "foods.orderfood",
  "pk": 269,
  "fields": {
    "food": 2,
    "amount": 2,
    "order": null,
    "user": null,
    "price": 0
  }
},
{
  "model": "foods.orderfood",
  "pk": 270,
  "fields": {
    "food": 1,
    "amount": 1,
    "order": null,
    "user": null,
    "price": 0
  }
},
{
  "model": "foods.orderfood",
  "pk": 271,
  "fields": {
    "food": 2,
    "amount": 2,
    "order": null,
    "user": null,
    "price": 0
  }
},
{
  "model": "foods.orderfood",
  "pk": 272,
  "fields": {
    "food": 1,
    "amount": 1,
    "order": null,
    "user": null,
    "price": 0
  }
},
{
  "model": "foods.orderfood",
  "pk": 273,
  "fields": {
    "food": 2,
    "amount": 2,
    "order": null,
    "user": null,
    "price": 0
  }
},
{
  "model": "foods.orderfood",
  "pk": 274,
  "fields": {
    "food": 1,
    "amount": 1,
    "order": null,
    "user": null,
    "price": 0
  }
},
{
  "model": "foods.orderfood",
  "pk": 275,
  "fields": {
    "food": 2,
    "amount": 2,
    "order": null,
    "user": null,
    "price": 0
  }
},
{
  "model": "foods.orderfood",
  "pk": 276,
  "fields": {
    "food": 1,
    "amount": 1,
    "order": null,
    "user": null,
    "price": 0
  }
},
{
  "model": "foods.orderfood",
  "pk": 277,
  "fields": {
    "food": 2,
    "amount": 2,
    "order": null,
    "user": null,
    "price": 0
  }
},
{
  "model": "foods.orderfood",
  "pk": 278,
  "fields": {
    "food": 1,
    "amount": 1,
    "order": null,
    "user": null,
    "price": 0
  }
},
{
  "model": "foods.orderfood",
  "pk": 279,
  "fields": {
    "food": 2,
    "amount": 2,
    "order": null,
    "user": null,
    "price": 0
  }
},
{
  "model": "foods.orderfood",
  "pk": 280,
  "fields": {
    "food": 1,
    "amount": 1,
    "order": null,
    "user": null,
    "price": 0
  }
},
{
  "model": "foods.orderfood",
  "pk": 281,
  "fields": {
    "food": 2,
    "amount": 2,
    "order": null,
    "user": null,
    "price": 0
  }
},
{
  "model": "foods.orderfood",
  "pk": 282,
  "fields": {
    "food": 1,
    "amount": 1,
    "order": null,
    "user": null,
    "price": 0
  }
},
{
  "model": "foods.orderfood",
  "pk": 283,
  "fields": {
    "food": 2,
    "amount": 2,
    "order": null,
    "user": null,
    "price": 0
  }
},
{
  "model": "foods.orderfood",
  "pk": 284,
  "fields": {
    "food": 1,
    "amount": 1,
    "order": null,
    "user": null,
    "price": 0
  }
},
{
  "model": "foods.orderfood",
  "pk": 285,
  "fields": {
    "food": 2,
    "amount": 2,
    "order": null,
    "user": null,
    "price": 0
  }
},
{
  "model": "foods.orderfood",
  "pk": 286,
  "fields": {
    "food": 1,
    "amount": 1,
    "order": null,
    "user": null,
    "price": 0
  }
},
{
  "model": "foods.orderfood",
  "pk": 287,
  "fields": {
    "food": 2,
    "amount": 2,
    "order": null,
    "user": null,
    "price": 0
  }
},
{
  "model": "foods.orderfood",
  "pk": 288,
  "fields": {
    "food": 1,
    "amount": 1,
    "order": null,
    "user": null,
    "price": 0
  }
},
{
  "model": "foods.orderfood",
  "pk": 289,
  "fields": {
    "food": 2,
    "amount": 2,
    "order": null,
    "user": null,
    "price": 0
  }
},
{
  "model": "foods.orderfood",
  "pk": 290,
  "fields": {
    "food": 1,
    "amount": 1,
    "order": 144,
    "user": null,
    "price": 0
  }
},
{
  "model": "foods.orderfood",
  "pk": 291,
  "fields": {
    "food": 2,
    "amount": 2,
    "order": 144,
    "user": null,
    "price": 0
  }
},
{
  "model": "foods.orderfood",
  "pk": 292,
  "fields": {
    "food": 1,
    "amount": 1,
    "order": 145,
    "user": null,
    "price": 0
  }
},
{
  "model": "foods.orderfood",
  "pk": 293,
  "fields": {
    "food": 2,
    "amount": 2,
    "order": 145,
    "user": null,
    "price": 0
  }
},
{
  "model": "foods.orderfood",
  "pk": 294,
  "fields": {
    "food": 1,
    "amount": 1,
    "order": 146,
    "user": null,
    "price": 0
  }
},
{
  "model": "foods.orderfood",
  "pk": 295,
  "fields": {
    "food": 2,
    "amount": 2,
    "order": 146,
    "user": null,
    "price": 0
  }
},
{
  "model": "foods.orderfood",
  "pk": 296,
  "fields": {
    "food": 10,
    "amount": 10,
    "order": 147,
    "user": null,
    "price": 0
  }
},
{
  "model": "foods.orderfood",
  "pk": 297,
  "fields": {
    "food": 20,
    "amount": 10,
    "order": 147,
    "user": null,
    "price": 0
  }
},
{
  "model": "foods.orderfood",
  "pk": 298,
  "fields": {
    "food": 10,
    "amount": 10,
    "order": 148,
    "user": null,
    "price": 0
  }
},
{
  "model": "foods.orderfood",
  "pk": 299,
  "fields": {
    "food": 20,
    "amount": 10,
    "order": 148,
    "user": null,
    "price": 0
  }
},
{
  "model": "foods.orderfood",
  "pk": 300,
  "fields": {
    "food": 10,
    "amount": 1,
    "order": 149,
    "user": null,
    "price": 0
  }
},
{
  "model": "foods.orderfood",
  "pk": 301,
  "fields": {
    "food": 20,
    "amount": 1,
    "order": 149,
    "user": null,
    "price": 0
  }
},
{
  "model": "foods.orderfood",
  "pk": 302,
  "fields": {
    "food": 10,
    "amount": 1,
    "order": 150,
    "user": null,
    "price": 0
  }
},
{
  "model": "foods.orderfood",
  "pk": 303,
  "fields": {
    "food": 20,
    "amount": 1,
    "order": 150,
    "user": null,
    "price": 0
  }
},
{
  "model": "foods.orderfood",
  "pk": 304,
  "fields": {
    "food": 10,
    "amount": 1,
    "order": 151,
    "user": null,
    "price": 0
  }
},
{
  "model": "foods.orderfood",
  "pk": 305,
  "fields": {
    "food": 20,
    "amount": 1,
    "order": 151,
    "user": null,
    "price": 0
  }
},
{
  "model": "foods.orderfood",
  "pk": 306,
  "fields": {
    "food": 10,
    "amount": 1,
    "order": 152,
    "user": null,
    "price": 0
  }
},
{
  "model": "foods.orderfood",
  "pk": 307,
  "fields": {
    "food": 20,
    "amount": 1,
    "order": 152,
    "user": null,
    "price": 0
  }
},
{
  "model": "foods.orderfood",
  "pk": 308,
  "fields": {
    "food": 10,
    "amount": 1,
    "order": 153,
    "user": null,
    "price": 0
  }
},
{
  "model": "foods.orderfood",
  "pk": 309,
  "fields": {
    "food": 20,
    "amount": 1,
    "order": 153,
    "user": null,
    "price": 0
  }
},
{
  "model": "foods.orderfood",
  "pk": 310,
  "fields": {
    "food": 10,
    "amount": 1,
    "order": 154,
    "user": null,
    "price": 0
  }
},
{
  "model": "foods.orderfood",
  "pk": 311,
  "fields": {
    "food": 20,
    "amount": 1,
    "order": 154,
    "user": null,
    "price": 0
  }
},
{
  "model": "foods.orderfood",
  "pk": 312,
  "fields": {
    "food": 10,
    "amount": 1,
    "order": 155,
    "user": null,
    "price": 0
  }
},
{
  "model": "foods.orderfood",
  "pk": 313,
  "fields": {
    "food": 20,
    "amount": 1,
    "order": 155,
    "user": null,
    "price": 0
  }
},
{
  "model": "foods.orderfood",
  "pk": 314,
  "fields": {
    "food": 10,
    "amount": 1,
    "order": 156,
    "user": null,
    "price": 0
  }
},
{
  "model": "foods.orderfood",
  "pk": 315,
  "fields": {
    "food": 20,
    "amount": 1,
    "order": 156,
    "user": null,
    "price": 0
  }
},
{
  "model": "foods.orderfood",
  "pk": 316,
  "fields": {
    "food": 10,
    "amount": 1,
    "order": 157,
    "user": null,
    "price": 0
  }
},
{
  "model": "foods.orderfood",
  "pk": 317,
  "fields": {
    "food": 20,
    "amount": 1,
    "order": 157,
    "user": null,
    "price": 0
  }
},
{
  "model": "foods.orderfood",
  "pk": 318,
  "fields": {
    "food": 10,
    "amount": 1,
    "order": 158,
    "user": null,
    "price": 0
  }
},
{
  "model": "foods.orderfood",
  "pk": 319,
  "fields": {
    "food": 20,
    "amount": 1,
    "order": 158,
    "user": null,
    "price": 0
  }
},
{
  "model": "foods.orderfood",
  "pk": 320,
  "fields": {
    "food": 10,
    "amount": 1,
    "order": 159,
    "user": null,
    "price": 0
  }
},
{
  "model": "foods.orderfood",
  "pk": 321,
  "fields": {
    "food": 20,
    "amount": 1,
    "order": 159,
    "user": null,
    "price": 0
  }
},
{
  "model": "foods.orderfood",
  "pk": 322,
  "fields": {
    "food": 10,
    "amount": 1,
    "order": 160,
    "user": null,
    "price": 0
  }
},
{
  "model": "foods.orderfood",
  "pk": 323,
  "fields": {
    "food": 20,
    "amount": 1,
    "order": 160,
    "user": null,
    "price": 0
  }
},
{
  "model": "foods.orderfood",
  "pk": 324,
  "fields": {
    "food": 10,
    "amount": 1,
    "order": 161,
    "user": null,
    "price": 0
  }
},
{
  "model": "foods.orderfood",
  "pk": 325,
  "fields": {
    "food": 20,
    "amount": 1,
    "order": 161,
    "user": null,
    "price": 0
  }
},
{
  "model": "foods.orderfood",
  "pk": 326,
  "fields": {
    "food": 10,
    "amount": 1,
    "order": 162,
    "user": null,
    "price": 0
  }
},
{
  "model": "foods.orderfood",
  "pk": 327,
  "fields": {
    "food": 20,
    "amount": 1,
    "order": 162,
    "user": null,
    "price": 0
  }
},
{
  "model": "foods.orderfood",
  "pk": 328,
  "fields": {
    "food": 10,
    "amount": 1,
    "order": 163,
    "user": null,
    "price": 0
  }
},
{
  "model": "foods.orderfood",
  "pk": 329,
  "fields": {
    "food": 20,
    "amount": 1,
    "order": 163,
    "user": null,
    "price": 0
  }
},
{
  "model": "foods.orderfood",
  "pk": 330,
  "fields": {
    "food": 10,
    "amount": 1,
    "order": 164,
    "user": null,
    "price": 0
  }
},
{
  "model": "foods.orderfood",
  "pk": 331,
  "fields": {
    "food": 20,
    "amount": 1,
    "order": 164,
    "user": null,
    "price": 0
  }
},
{
  "model": "foods.orderfood",
  "pk": 332,
  "fields": {
    "food": 10,
    "amount": 1,
    "order": 165,
    "user": null,
    "price": 0
  }
},
{
  "model": "foods.orderfood",
  "pk": 333,
  "fields": {
    "food": 20,
    "amount": 1,
    "order": 165,
    "user": null,
    "price": 0
  }
},
{
  "model": "foods.orderfood",
  "pk": 334,
  "fields": {
    "food": 10,
    "amount": 1,
    "order": 166,
    "user": null,
    "price": 0
  }
},
{
  "model": "foods.orderfood",
  "pk": 335,
  "fields": {
    "food": 20,
    "amount": 1,
    "order": 166,
    "user": null,
    "price": 0
  }
},
{
  "model": "foods.orderfood",
  "pk": 336,
  "fields": {
    "food": 10,
    "amount": 1,
    "order": 167,
    "user": null,
    "price": 0
  }
},
{
  "model": "foods.orderfood",
  "pk": 337,
  "fields": {
    "food": 20,
    "amount": 1,
    "order": 167,
    "user": null,
    "price": 0
  }
},
{
  "model": "foods.orderfood",
  "pk": 338,
  "fields": {
    "food": 10,
    "amount": 1,
    "order": 168,
    "user": null,
    "price": 0
  }
},
{
  "model": "foods.orderfood",
  "pk": 339,
  "fields": {
    "food": 20,
    "amount": 1,
    "order": 168,
    "user": null,
    "price": 0
  }
},
{
  "model": "foods.orderfood",
  "pk": 340,
  "fields": {
    "food": 10,
    "amount": 1,
    "order": 169,
    "user": null,
    "price": 0
  }
},
{
  "model": "foods.orderfood",
  "pk": 341,
  "fields": {
    "food": 20,
    "amount": 1,
    "order": 169,
    "user": null,
    "price": 0
  }
},
{
  "model": "foods.orderfood",
  "pk": 342,
  "fields": {
    "food": 10,
    "amount": 1,
    "order": 170,
    "user": null,
    "price": 0
  }
},
{
  "model": "foods.orderfood",
  "pk": 343,
  "fields": {
    "food": 20,
    "amount": 1,
    "order": 170,
    "user": null,
    "price": 0
  }
},
{
  "model": "foods.orderfood",
  "pk": 344,
  "fields": {
    "food": 10,
    "amount": 1,
    "order": 171,
    "user": null,
    "price": 0
  }
},
{
  "model": "foods.orderfood",
  "pk": 345,
  "fields": {
    "food": 20,
    "amount": 1,
    "order": 171,
    "user": null,
    "price": 0
  }
},
{
  "model": "foods.orderfood",
  "pk": 346,
  "fields": {
    "food": 10,
    "amount": 1,
    "order": 172,
    "user": null,
    "price": 0
  }
},
{
  "model": "foods.orderfood",
  "pk": 347,
  "fields": {
    "food": 20,
    "amount": 1,
    "order": 172,
    "user": null,
    "price": 0
  }
},
{
  "model": "foods.orderfood",
  "pk": 348,
  "fields": {
    "food": 10,
    "amount": 1,
    "order": 173,
    "user": null,
    "price": 0
  }
},
{
  "model": "foods.orderfood",
  "pk": 349,
  "fields": {
    "food": 20,
    "amount": 1,
    "order": 173,
    "user": null,
    "price": 0
  }
},
{
  "model": "foods.orderfood",
  "pk": 350,
  "fields": {
    "food": 10,
    "amount": 1,
    "order": 174,
    "user": null,
    "price": 0
  }
},
{
  "model": "foods.orderfood",
  "pk": 351,
  "fields": {
    "food": 20,
    "amount": 1,
    "order": 174,
    "user": null,
    "price": 0
  }
},
{
  "model": "foods.orderfood",
  "pk": 352,
  "fields": {
    "food": 10,
    "amount": 1,
    "order": 175,
    "user": null,
    "price": 0
  }
},
{
  "model": "foods.orderfood",
  "pk": 353,
  "fields": {
    "food": 20,
    "amount": 1,
    "order": 175,
    "user": null,
    "price": 0
  }
},
{
  "model": "foods.orderfood",
  "pk": 354,
  "fields": {
    "food": 10,
    "amount": 1,
    "order": 176,
    "user": null,
    "price": 0
  }
},
{
  "model": "foods.orderfood",
  "pk": 355,
  "fields": {
    "food": 20,
    "amount": 1,
    "order": 176,
    "user": null,
    "price": 0
  }
},
{
  "model": "foods.orderfood",
  "pk": 356,
  "fields": {
    "food": 10,
    "amount": 1,
    "order": 177,
    "user": null,
    "price": 0
  }
},
{
  "model": "foods.orderfood",
  "pk": 357,
  "fields": {
    "food": 20,
    "amount": 1,
    "order": 177,
    "user": null,
    "price": 0
  }
},
{
  "model": "foods.orderfood",
  "pk": 358,
  "fields": {
    "food": 10,
    "amount": 1,
    "order": 178,
    "user": null,
    "price": 0
  }
},
{
  "model": "foods.orderfood",
  "pk": 359,
  "fields": {
    "food": 20,
    "amount": 1,
    "order": 178,
    "user": null,
    "price": 0
  }
},
{
  "model": "foods.orderfood",
  "pk": 360,
  "fields": {
    "food": 10,
    "amount": 1,
    "order": 179,
    "user": null,
    "price": 0
  }
},
{
  "model": "foods.orderfood",
  "pk": 361,
  "fields": {
    "food": 20,
    "amount": 1,
    "order": 179,
    "user": null,
    "price": 0
  }
},
{
  "model": "foods.orderfood",
  "pk": 362,
  "fields": {
    "food": 10,
    "amount": 1,
    "order": 180,
    "user": null,
    "price": 0
  }
},
{
  "model": "foods.orderfood",
  "pk": 363,
  "fields": {
    "food": 20,
    "amount": 1,
    "order": 180,
    "user": null,
    "price": 0
  }
},
{
  "model": "foods.orderfood",
  "pk": 364,
  "fields": {
    "food": 10,
    "amount": 1,
    "order": 181,
    "user": null,
    "price": 0
  }
},
{
  "model": "foods.orderfood",
  "pk": 365,
  "fields": {
    "food": 20,
    "amount": 1,
    "order": 181,
    "user": null,
    "price": 0
  }
},
{
  "model": "foods.orderfood",
  "pk": 366,
  "fields": {
    "food": 3,
    "amount": 1,
    "order": 182,
    "user": null,
    "price": 0
  }
},
{
  "model": "foods.orderfood",
  "pk": 367,
  "fields": {
    "food": 4,
    "amount": 1,
    "order": 182,
    "user": null,
    "price": 0
  }
},
{
  "model": "foods.orderfood",
  "pk": 368,
  "fields": {
    "food": 13,
    "amount": 2,
    "order": 183,
    "user": 27,
    "price": 0
  }
},
{
  "model": "foods.orderfood",
  "pk": 369,
  "fields": {
    "food": 1,
    "amount": 1,
    "order": 184,
    "user": null,
    "price": 0
  }
},
{
  "model": "foods.orderfood",
  "pk": 370,
  "fields": {
    "food": 13,
    "amount": 1,
    "order": 185,
    "user": 40,
    "price": 0
  }
},
{
  "model": "foods.orderfood",
  "pk": 371,
  "fields": {
    "food": 10,
    "amount": 1,
    "order": 185,
    "user": 40,
    "price": 0
  }
},
{
  "model": "foods.orderfood",
  "pk": 373,
  "fields": {
    "food": 3,
    "amount": 1,
    "order": 186,
    "user": null,
    "price": 0
  }
},
{
  "model": "foods.orderfood",
  "pk": 374,
  "fields": {
    "food": 4,
    "amount": 1,
    "order": 186,
    "user": null,
    "price": 0
  }
},
{
  "model": "foods.orderfood",
  "pk": 375,
  "fields": {
    "food": 13,
    "amount": 2,
    "order": 187,
    "user": 40,
    "price": 0
  }
},
{
  "model": "foods.orderfood",
  "pk": 376,
  "fields": {
    "food": 13,
    "amount": 2,
    "order": 188,
    "user": 1,
    "price": 608
  }
},
{
  "model": "foods.orderfood",
  "pk": 377,
  "fields": {
    "food": 13,
    "amount": 2,
    "order": 189,
    "user": 1,
    "price": 608
  }
},
{
  "model": "foods.orderfood",
  "pk": 378,
  "fields": {
    "food": 13,
    "amount": 2,
    "order": 190,
    "user": 1,
    "price": 608
  }
},
{
  "model": "foods.orderfood",
  "pk": 379,
  "fields": {
    "food": 13,
    "amount": 1,
    "order": 191,
    "user": 1,
    "price": 608
  }
},
{
  "model": "foods.orderfood",
  "pk": 380,
  "fields": {
    "food": 13,
    "amount": 2,
    "order": 192,
    "user": 1,
    "price": 608
  }
},
{
  "model": "foods.orderfood",
  "pk": 381,
  "fields": {
    "food": 13,
    "amount": 2,
    "order": 193,
    "user": 1,
    "price": 608
  }
},
{
  "model": "foods.orderfood",
  "pk": 382,
  "fields": {
    "food": 13,
    "amount": 2,
    "order": 194,
    "user": 1,
    "price": 608
  }
},
{
  "model": "foods.orderfood",
  "pk": 383,
  "fields": {
    "food": 13,
    "amount": 2,
    "order": 195,
    "user": 1,
    "price": 608
  }
},
{
  "model": "foods.orderfood",
  "pk": 384,
  "fields": {
    "food": 3,
    "amount": 1,
    "order": 196,
    "user": null,
    "price": 471
  }
},
{
  "model": "foods.orderfood",
  "pk": 385,
  "fields": {
    "food": 4,
    "amount": 1,
    "order": 196,
    "user": null,
    "price": 138
  }
},
{
  "model": "foods.orderfood",
  "pk": 386,
  "fields": {
    "food": 3,
    "amount": 1,
    "order": 197,
    "user": null,
    "price": 471
  }
},
{
  "model": "foods.orderfood",
  "pk": 387,
  "fields": {
    "food": 4,
    "amount": 1,
    "order": 197,
    "user": null,
    "price": 138
  }
},
{
  "model": "foods.orderfood",
  "pk": 388,
  "fields": {
    "food": 1,
    "amount": 1,
    "order": 198,
    "user": 1,
    "price": 100
  }
},
{
  "model": "foods.orderfood",
  "pk": 389,
  "fields": {
    "food": 2,
    "amount": 2,
    "order": 198,
    "user": 1,
    "price": 50
  }
},
{
  "model": "foods.orderfood",
  "pk": 390,
  "fields": {
    "food": 1,
    "amount": 1,
    "order": 199,
    "user": 1,
    "price": 100
  }
},
{
  "model": "foods.orderfood",
  "pk": 391,
  "fields": {
    "food": 2,
    "amount": 2,
    "order": 199,
    "user": 1,
    "price": 50
  }
},
{
  "model": "foods.orderfood",
  "pk": 392,
  "fields": {
    "food": 1,
    "amount": 1,
    "order": 200,
    "user": 1,
    "price": 100
  }
},
{
  "model": "foods.orderfood",
  "pk": 393,
  "fields": {
    "food": 2,
    "amount": 2,
    "order": 200,
    "user": 1,
    "price": 50
  }
},
{
  "model": "foods.orderfood",
  "pk": 394,
  "fields": {
    "food": 1,
    "amount": 1,
    "order": 201,
    "user": 1,
    "price": 100
  }
},
{
  "model": "foods.orderfood",
  "pk": 395,
  "fields": {
    "food": 2,
    "amount": 2,
    "order": 201,
    "user": 1,
    "price": 50
  }
},
{
  "model": "foods.orderfood",
  "pk": 396,
  "fields": {
    "food": 1,
    "amount": 1,
    "order": 202,
    "user": 1,
    "price": 100
  }
},
{
  "model": "foods.orderfood",
  "pk": 397,
  "fields": {
    "food": 2,
    "amount": 2,
    "order": 202,
    "user": 1,
    "price": 50
  }
},
{
  "model": "foods.orderfood",
  "pk": 398,
  "fields": {
    "food": 10,
    "amount": 1,
    "order": 203,
    "user": 1,
    "price": 100
  }
},
{
  "model": "foods.orderfood",
  "pk": 399,
  "fields": {
    "food": 11,
    "amount": 2,
    "order": 203,
    "user": 1,
    "price": 50
  }
},
{
  "model": "foods.orderfood",
  "pk": 400,
  "fields": {
    "food": 10,
    "amount": 1,
    "order": 204,
    "user": 1,
    "price": 100
  }
},
{
  "model": "foods.orderfood",
  "pk": 401,
  "fields": {
    "food": 11,
    "amount": 2,
    "order": 204,
    "user": 1,
    "price": 50
  }
},
{
  "model": "foods.orderfood",
  "pk": 402,
  "fields": {
    "food": 10,
    "amount": 1,
    "order": 205,
    "user": 1,
    "price": 100
  }
},
{
  "model": "foods.orderfood",
  "pk": 403,
  "fields": {
    "food": 11,
    "amount": 2,
    "order": 205,
    "user": 1,
    "price": 50
  }
},
{
  "model": "foods.orderfood",
  "pk": 404,
  "fields": {
    "food": 100,
    "amount": 1,
    "order": 206,
    "user": 1,
    "price": 100
  }
},
{
  "model": "foods.orderfood",
  "pk": 405,
  "fields": {
    "food": 101,
    "amount": 2,
    "order": 206,
    "user": 1,
    "price": 50
  }
},
{
  "model": "foods.orderfood",
  "pk": 406,
  "fields": {
    "food": 100,
    "amount": 1,
    "order": 207,
    "user": 1,
    "price": 100
  }
},
{
  "model": "foods.orderfood",
  "pk": 407,
  "fields": {
    "food": 101,
    "amount": 2,
    "order": 207,
    "user": 1,
    "price": 100
  }
},
{
  "model": "foods.orderfood",
  "pk": 408,
  "fields": {
    "food": 13,
    "amount": 10,
    "order": 247,
    "user": 1,
    "price": 608
  }
},
{
  "model": "foods.orderfood",
  "pk": 409,
  "fields": {
    "food": 139,
    "amount": 1,
    "order": 233,
    "user": 43,
    "price": 0
  }
},
{
  "model": "foods.orderfood",
  "pk": 410,
  "fields": {
    "food": 139,
    "amount": 1,
    "order": 234,
    "user": 43,
    "price": 0
  }
},
{
  "model": "foods.orderfood",
  "pk": 411,
  "fields": {
    "food": 140,
    "amount": 1,
    "order": 235,
    "user": 43,
    "price": 0
  }
},
{
  "model": "foods.orderfood",
  "pk": 412,
  "fields": {
    "food": 140,
    "amount": 1,
    "order": 236,
    "user": 43,
    "price": 0
  }
},
{
  "model": "foods.orderfood",
  "pk": 413,
  "fields": {
    "food": 139,
    "amount": 1,
    "order": 237,
    "user": 43,
    "price": 0
  }
},
{
  "model": "foods.orderfood",
  "pk": 414,
  "fields": {
    "food": 139,
    "amount": 1,
    "order": 238,
    "user": 43,
    "price": 0
  }
},
{
  "model": "foods.orderfood",
  "pk": 415,
  "fields": {
    "food": 140,
    "amount": 1,
    "order": 238,
    "user": 43,
    "price": 0
  }
},
{
  "model": "foods.orderfood",
  "pk": 416,
  "fields": {
    "food": 139,
    "amount": 1,
    "order": 239,
    "user": 43,
    "price": 0
  }
},
{
  "model": "foods.orderfood",
  "pk": 417,
  "fields": {
    "food": 140,
    "amount": 1,
    "order": 239,
    "user": 43,
    "price": 0
  }
},
{
  "model": "foods.orderfood",
  "pk": 418,
  "fields": {
    "food": 139,
    "amount": 1,
    "order": 240,
    "user": 43,
    "price": 0
  }
},
{
  "model": "foods.orderfood",
  "pk": 419,
  "fields": {
    "food": 140,
    "amount": 1,
    "order": 240,
    "user": 43,
    "price": 0
  }
},
{
  "model": "foods.orderfood",
  "pk": 420,
  "fields": {
    "food": 139,
    "amount": 1,
    "order": 241,
    "user": 43,
    "price": 0
  }
},
{
  "model": "foods.orderfood",
  "pk": 421,
  "fields": {
    "food": 140,
    "amount": 1,
    "order": 241,
    "user": 43,
    "price": 0
  }
},
{
  "model": "foods.orderfood",
  "pk": 422,
  "fields": {
    "food": 139,
    "amount": 1,
    "order": 242,
    "user": 43,
    "price": 0
  }
},
{
  "model": "foods.orderfood",
  "pk": 423,
  "fields": {
    "food": 140,
    "amount": 1,
    "order": 242,
    "user": 43,
    "price": 0
  }
},
{
  "model": "foods.orderfood",
  "pk": 424,
  "fields": {
    "food": 139,
    "amount": 1,
    "order": 243,
    "user": 43,
    "price": 0
  }
},
{
  "model": "foods.orderfood",
  "pk": 425,
  "fields": {
    "food": 140,
    "amount": 1,
    "order": 243,
    "user": 43,
    "price": 0
  }
},
{
  "model": "foods.orderfood",
  "pk": 426,
  "fields": {
    "food": 1,
    "amount": 1,
    "order": 244,
    "user": 43,
    "price": 0
  }
},
{
  "model": "foods.orderfood",
  "pk": 427,
  "fields": {
    "food": 2,
    "amount": 1,
    "order": 244,
    "user": 43,
    "price": 0
  }
},
{
  "model": "foods.orderfood",
  "pk": 428,
  "fields": {
    "food": 1,
    "amount": 1,
    "order": 245,
    "user": 43,
    "price": 707
  }
},
{
  "model": "foods.orderfood",
  "pk": 429,
  "fields": {
    "food": 2,
    "amount": 1,
    "order": 245,
    "user": 43,
    "price": 100
  }
},
{
  "model": "foods.orderfood",
  "pk": 430,
  "fields": {
    "food": 10,
    "amount": 1,
    "order": 246,
    "user": 43,
    "price": 972
  }
},
{
  "model": "foods.orderfood",
  "pk": 431,
  "fields": {
    "food": 11,
    "amount": 1,
    "order": 246,
    "user": 43,
    "price": 100
  }
},
{
  "model": "foods.orderfood",
  "pk": 432,
  "fields": {
    "food": 13,
    "amount": 7,
    "order": 248,
    "user": 1,
    "price": 608
  }
},
{
  "model": "foods.orderfood",
  "pk": 433,
  "fields": {
    "food": 12,
    "amount": 3,
    "order": 248,
    "user": 1,
    "price": 166
  }
},
{
  "model": "foods.orderfood",
  "pk": 434,
  "fields": {
    "food": 14,
    "amount": 3,
    "order": 248,
    "user": 1,
    "price": 370
  }
},
{
  "model": "foods.orderfood",
  "pk": 435,
  "fields": {
    "food": 15,
    "amount": 5,
    "order": 248,
    "user": 1,
    "price": 874
  }
},
{
  "model": "foods.orderfood",
  "pk": 436,
  "fields": {
    "food": 15,
    "amount": 1,
    "order": 249,
    "user": 1,
    "price": 874
  }
},
{
  "model": "foods.orderfood",
  "pk": 437,
  "fields": {
    "food": 15,
    "amount": 1,
    "order": 250,
    "user": 1,
    "price": 874
  }
},
{
  "model": "foods.orderfood",
  "pk": 438,
  "fields": {
    "food": 15,
    "amount": 2,
    "order": 251,
    "user": 1,
    "price": 874
  }
},
{
  "model": "foods.orderfood",
  "pk": 439,
  "fields": {
    "food": 15,
    "amount": 1,
    "order": 252,
    "user": 1,
    "price": 874
  }
},
{
  "model": "foods.orderfood",
  "pk": 440,
  "fields": {
    "food": 15,
    "amount": 1,
    "order": 253,
    "user": 1,
    "price": 874
  }
},
{
  "model": "foods.orderfood",
  "pk": 441,
  "fields": {
    "food": 15,
    "amount": 2,
    "order": 254,
    "user": 1,
    "price": 874
  }
},
{
  "model": "foods.orderfood",
  "pk": 442,
  "fields": {
    "food": 1,
    "amount": 2,
    "order": 254,
    "user": 1,
    "price": 707
  }
},
{
  "model": "foods.orderfood",
  "pk": 443,
  "fields": {
    "food": 100,
    "amount": 2,
    "order": 254,
    "user": 1,
    "price": 131
  }
},
{
  "model": "foods.orderfood",
  "pk": 444,
  "fields": {
    "food": 100,
    "amount": 1,
    "order": 255,
    "user": 1,
    "price": 131
  }
},
{
  "model": "foods.orderfood",
  "pk": 445,
  "fields": {
    "food": 10,
    "amount": 5,
    "order": 255,
    "user": 1,
    "price": 972
  }
},
{
  "model": "foods.orderfood",
  "pk": 446,
  "fields": {
    "food": 1,
    "amount": 10,
    "order": 255,
    "user": 1,
    "price": 707
  }
},
{
  "model": "foods.orderfood",
  "pk": 447,
  "fields": {
    "food": 1,
    "amount": 2,
    "order": null,
    "user": 40,
    "price": 0
  }
},
{
  "model": "foods.orderfood",
  "pk": 448,
  "fields": {
    "food": 2,
    "amount": 2,
    "order": null,
    "user": 40,
    "price": 0
  }
},
{
  "model": "foods.order",
  "pk": 116,
  "fields": {
    "created_at": "2021-09-10T09:42:20.381Z",
    "comment": null,
    "status": null,
    "user": 1,
    "source": null,
    "type": "pickup",
    "address": null,
    "payment_type": null,
    "total": 3938,
    "bonus": 0,
    "total_minus_bonus": 3938,
    "user_earn_bonus": null,
    "delivery": null,
    "time_accepted": null,
    "time_delivered": null,
    "time_cancelled": null,
    "time_transferred_kitchen": null,
    "time_transferred_corier": null
  }
},
{
  "model": "foods.order",
  "pk": 117,
  "fields": {
    "created_at": "2021-09-10T09:50:05.571Z",
    "comment": null,
    "status": null,
    "user": 1,
    "source": null,
    "type": "pickup",
    "address": null,
    "payment_type": null,
    "total": 2525,
    "bonus": 0,
    "total_minus_bonus": 2525,
    "user_earn_bonus": null,
    "delivery": null,
    "time_accepted": null,
    "time_delivered": null,
    "time_cancelled": null,
    "time_transferred_kitchen": null,
    "time_transferred_corier": null
  }
},
{
  "model": "foods.order",
  "pk": 118,
  "fields": {
    "created_at": "2021-09-10T09:51:06.131Z",
    "comment": null,
    "status": null,
    "user": 1,
    "source": null,
    "type": "pickup",
    "address": null,
    "payment_type": null,
    "total": 7070,
    "bonus": 0,
    "total_minus_bonus": 7070,
    "user_earn_bonus": null,
    "delivery": null,
    "time_accepted": null,
    "time_delivered": null,
    "time_cancelled": null,
    "time_transferred_kitchen": null,
    "time_transferred_corier": null
  }
},
{
  "model": "foods.order",
  "pk": 120,
  "fields": {
    "created_at": "2021-09-10T09:59:06.864Z",
    "comment": null,
    "status": null,
    "user": 1,
    "source": null,
    "type": "pickup",
    "address": null,
    "payment_type": null,
    "total": 707,
    "bonus": 0,
    "total_minus_bonus": 707,
    "user_earn_bonus": 70,
    "delivery": null,
    "time_accepted": null,
    "time_delivered": null,
    "time_cancelled": null,
    "time_transferred_kitchen": null,
    "time_transferred_corier": null
  }
},
{
  "model": "foods.order",
  "pk": 121,
  "fields": {
    "created_at": "2021-09-10T10:22:52.478Z",
    "comment": null,
    "status": null,
    "user": 1,
    "source": null,
    "type": "pickup",
    "address": null,
    "payment_type": null,
    "total": 972,
    "bonus": 0,
    "total_minus_bonus": 972,
    "user_earn_bonus": 97,
    "delivery": null,
    "time_accepted": null,
    "time_delivered": null,
    "time_cancelled": null,
    "time_transferred_kitchen": "2021-10-01T06:04:47.908Z",
    "time_transferred_corier": "2021-10-01T06:05:19.881Z"
  }
},
{
  "model": "foods.order",
  "pk": 122,
  "fields": {
    "created_at": "2021-09-10T10:24:53.749Z",
    "comment": null,
    "status": null,
    "user": 11,
    "source": null,
    "type": "pickup",
    "address": null,
    "payment_type": null,
    "total": 972,
    "bonus": 0,
    "total_minus_bonus": 972,
    "user_earn_bonus": 48,
    "delivery": null,
    "time_accepted": null,
    "time_delivered": null,
    "time_cancelled": null,
    "time_transferred_kitchen": null,
    "time_transferred_corier": null
  }
},
{
  "model": "foods.order",
  "pk": 123,
  "fields": {
    "created_at": "2021-09-10T11:18:21.453Z",
    "comment": null,
    "status": null,
    "user": 1,
    "source": null,
    "type": "pickup",
    "address": null,
    "payment_type": null,
    "total": 1748,
    "bonus": 50,
    "total_minus_bonus": 1698,
    "user_earn_bonus": 119,
    "delivery": null,
    "time_accepted": null,
    "time_delivered": null,
    "time_cancelled": null,
    "time_transferred_kitchen": null,
    "time_transferred_corier": null
  }
},
{
  "model": "foods.order",
  "pk": 124,
  "fields": {
    "created_at": "2021-09-23T06:44:14.016Z",
    "comment": null,
    "status": null,
    "user": 27,
    "source": null,
    "type": "pickup",
    "address": null,
    "payment_type": null,
    "total": 332,
    "bonus": 50,
    "total_minus_bonus": 282,
    "user_earn_bonus": -36,
    "delivery": null,
    "time_accepted": null,
    "time_delivered": null,
    "time_cancelled": null,
    "time_transferred_kitchen": null,
    "time_transferred_corier": null
  }
},
{
  "model": "foods.order",
  "pk": 125,
  "fields": {
    "created_at": "2021-09-23T07:47:24.350Z",
    "comment": null,
    "status": null,
    "user": 27,
    "source": null,
    "type": "pickup",
    "address": 31,
    "payment_type": null,
    "total": 498,
    "bonus": 50,
    "total_minus_bonus": 448,
    "user_earn_bonus": -28,
    "delivery": null,
    "time_accepted": null,
    "time_delivered": null,
    "time_cancelled": null,
    "time_transferred_kitchen": null,
    "time_transferred_corier": null
  }
},
{
  "model": "foods.order",
  "pk": 126,
  "fields": {
    "created_at": "2021-09-23T09:05:19.416Z",
    "comment": "New ordeeer",
    "status": null,
    "user": 27,
    "source": null,
    "type": "pickup",
    "address": 31,
    "payment_type": 1,
    "total": 1216,
    "bonus": 16,
    "total_minus_bonus": 1200,
    "user_earn_bonus": 44,
    "delivery": null,
    "time_accepted": null,
    "time_delivered": null,
    "time_cancelled": null,
    "time_transferred_kitchen": null,
    "time_transferred_corier": "2021-10-01T06:06:50.451Z"
  }
},
{
  "model": "foods.order",
  "pk": 129,
  "fields": {
    "created_at": "2021-09-27T11:51:12.592Z",
    "comment": null,
    "status": null,
    "user": null,
    "source": 6,
    "type": "pickup",
    "address": null,
    "payment_type": null,
    "total": 2525,
    "bonus": null,
    "total_minus_bonus": null,
    "user_earn_bonus": null,
    "delivery": null,
    "time_accepted": null,
    "time_delivered": null,
    "time_cancelled": null,
    "time_transferred_kitchen": null,
    "time_transferred_corier": null
  }
},
{
  "model": "foods.order",
  "pk": 130,
  "fields": {
    "created_at": "2021-09-27T11:52:45.169Z",
    "comment": null,
    "status": null,
    "user": null,
    "source": 6,
    "type": "pickup",
    "address": null,
    "payment_type": null,
    "total": 2525,
    "bonus": null,
    "total_minus_bonus": null,
    "user_earn_bonus": null,
    "delivery": null,
    "time_accepted": null,
    "time_delivered": null,
    "time_cancelled": null,
    "time_transferred_kitchen": null,
    "time_transferred_corier": null
  }
},
{
  "model": "foods.order",
  "pk": 131,
  "fields": {
    "created_at": "2021-09-27T11:53:59.676Z",
    "comment": null,
    "status": null,
    "user": null,
    "source": 6,
    "type": "pickup",
    "address": null,
    "payment_type": null,
    "total": 2525,
    "bonus": null,
    "total_minus_bonus": null,
    "user_earn_bonus": null,
    "delivery": null,
    "time_accepted": null,
    "time_delivered": null,
    "time_cancelled": null,
    "time_transferred_kitchen": null,
    "time_transferred_corier": null
  }
},
{
  "model": "foods.order",
  "pk": 132,
  "fields": {
    "created_at": "2021-09-27T11:55:07.666Z",
    "comment": null,
    "status": null,
    "user": null,
    "source": 6,
    "type": "pickup",
    "address": null,
    "payment_type": null,
    "total": 2525,
    "bonus": null,
    "total_minus_bonus": null,
    "user_earn_bonus": null,
    "delivery": null,
    "time_accepted": null,
    "time_delivered": null,
    "time_cancelled": null,
    "time_transferred_kitchen": null,
    "time_transferred_corier": null
  }
},
{
  "model": "foods.order",
  "pk": 133,
  "fields": {
    "created_at": "2021-09-27T11:57:34.557Z",
    "comment": null,
    "status": null,
    "user": null,
    "source": 6,
    "type": "pickup",
    "address": null,
    "payment_type": null,
    "total": 2525,
    "bonus": null,
    "total_minus_bonus": null,
    "user_earn_bonus": null,
    "delivery": null,
    "time_accepted": null,
    "time_delivered": null,
    "time_cancelled": null,
    "time_transferred_kitchen": null,
    "time_transferred_corier": null
  }
},
{
  "model": "foods.order",
  "pk": 134,
  "fields": {
    "created_at": "2021-09-28T06:23:22.774Z",
    "comment": null,
    "status": null,
    "user": null,
    "source": 6,
    "type": "pickup",
    "address": null,
    "payment_type": null,
    "total": 2525,
    "bonus": null,
    "total_minus_bonus": null,
    "user_earn_bonus": null,
    "delivery": null,
    "time_accepted": null,
    "time_delivered": null,
    "time_cancelled": null,
    "time_transferred_kitchen": null,
    "time_transferred_corier": null
  }
},
{
  "model": "foods.order",
  "pk": 135,
  "fields": {
    "created_at": "2021-09-28T06:25:28.688Z",
    "comment": null,
    "status": null,
    "user": null,
    "source": 6,
    "type": "pickup",
    "address": null,
    "payment_type": null,
    "total": 2525,
    "bonus": null,
    "total_minus_bonus": null,
    "user_earn_bonus": null,
    "delivery": null,
    "time_accepted": null,
    "time_delivered": null,
    "time_cancelled": null,
    "time_transferred_kitchen": null,
    "time_transferred_corier": null
  }
},
{
  "model": "foods.order",
  "pk": 136,
  "fields": {
    "created_at": "2021-09-28T06:26:49.935Z",
    "comment": null,
    "status": null,
    "user": null,
    "source": 6,
    "type": "pickup",
    "address": null,
    "payment_type": null,
    "total": 2525,
    "bonus": null,
    "total_minus_bonus": null,
    "user_earn_bonus": null,
    "delivery": null,
    "time_accepted": null,
    "time_delivered": null,
    "time_cancelled": null,
    "time_transferred_kitchen": null,
    "time_transferred_corier": null
  }
},
{
  "model": "foods.order",
  "pk": 137,
  "fields": {
    "created_at": "2021-09-28T06:27:14.547Z",
    "comment": null,
    "status": null,
    "user": null,
    "source": 6,
    "type": "pickup",
    "address": null,
    "payment_type": null,
    "total": 2525,
    "bonus": null,
    "total_minus_bonus": null,
    "user_earn_bonus": null,
    "delivery": null,
    "time_accepted": null,
    "time_delivered": null,
    "time_cancelled": null,
    "time_transferred_kitchen": null,
    "time_transferred_corier": null
  }
},
{
  "model": "foods.order",
  "pk": 138,
  "fields": {
    "created_at": "2021-09-28T06:28:28.393Z",
    "comment": null,
    "status": null,
    "user": null,
    "source": 6,
    "type": "pickup",
    "address": null,
    "payment_type": null,
    "total": 2525,
    "bonus": null,
    "total_minus_bonus": null,
    "user_earn_bonus": null,
    "delivery": null,
    "time_accepted": null,
    "time_delivered": null,
    "time_cancelled": null,
    "time_transferred_kitchen": null,
    "time_transferred_corier": null
  }
},
{
  "model": "foods.order",
  "pk": 139,
  "fields": {
    "created_at": "2021-09-28T06:28:41.818Z",
    "comment": null,
    "status": null,
    "user": null,
    "source": 6,
    "type": "pickup",
    "address": null,
    "payment_type": null,
    "total": 2525,
    "bonus": null,
    "total_minus_bonus": null,
    "user_earn_bonus": null,
    "delivery": null,
    "time_accepted": null,
    "time_delivered": null,
    "time_cancelled": null,
    "time_transferred_kitchen": null,
    "time_transferred_corier": null
  }
},
{
  "model": "foods.order",
  "pk": 140,
  "fields": {
    "created_at": "2021-09-28T06:29:10.252Z",
    "comment": null,
    "status": null,
    "user": null,
    "source": null,
    "type": "pickup",
    "address": null,
    "payment_type": null,
    "total": 2525,
    "bonus": null,
    "total_minus_bonus": null,
    "user_earn_bonus": null,
    "delivery": null,
    "time_accepted": null,
    "time_delivered": null,
    "time_cancelled": null,
    "time_transferred_kitchen": null,
    "time_transferred_corier": null
  }
},
{
  "model": "foods.order",
  "pk": 141,
  "fields": {
    "created_at": "2021-09-28T06:29:11.792Z",
    "comment": null,
    "status": null,
    "user": null,
    "source": null,
    "type": "pickup",
    "address": null,
    "payment_type": null,
    "total": 2525,
    "bonus": null,
    "total_minus_bonus": null,
    "user_earn_bonus": null,
    "delivery": null,
    "time_accepted": null,
    "time_delivered": null,
    "time_cancelled": null,
    "time_transferred_kitchen": null,
    "time_transferred_corier": null
  }
},
{
  "model": "foods.order",
  "pk": 144,
  "fields": {
    "created_at": "2021-09-28T06:32:53.494Z",
    "comment": null,
    "status": null,
    "user": null,
    "source": null,
    "type": "pickup",
    "address": null,
    "payment_type": null,
    "total": 2525,
    "bonus": null,
    "total_minus_bonus": null,
    "user_earn_bonus": null,
    "delivery": null,
    "time_accepted": null,
    "time_delivered": null,
    "time_cancelled": null,
    "time_transferred_kitchen": null,
    "time_transferred_corier": null
  }
},
{
  "model": "foods.order",
  "pk": 145,
  "fields": {
    "created_at": "2021-09-28T06:34:34.794Z",
    "comment": null,
    "status": null,
    "user": null,
    "source": null,
    "type": "pickup",
    "address": null,
    "payment_type": null,
    "total": 2525,
    "bonus": null,
    "total_minus_bonus": null,
    "user_earn_bonus": null,
    "delivery": null,
    "time_accepted": null,
    "time_delivered": null,
    "time_cancelled": null,
    "time_transferred_kitchen": null,
    "time_transferred_corier": null
  }
},
{
  "model": "foods.order",
  "pk": 146,
  "fields": {
    "created_at": "2021-09-28T06:37:00.110Z",
    "comment": null,
    "status": null,
    "user": null,
    "source": null,
    "type": "pickup",
    "address": null,
    "payment_type": null,
    "total": 2525,
    "bonus": null,
    "total_minus_bonus": null,
    "user_earn_bonus": null,
    "delivery": null,
    "time_accepted": null,
    "time_delivered": null,
    "time_cancelled": null,
    "time_transferred_kitchen": null,
    "time_transferred_corier": null
  }
},
{
  "model": "foods.order",
  "pk": 147,
  "fields": {
    "created_at": "2021-09-28T06:38:08.931Z",
    "comment": null,
    "status": null,
    "user": null,
    "source": null,
    "type": "pickup",
    "address": null,
    "payment_type": null,
    "total": 16000,
    "bonus": null,
    "total_minus_bonus": null,
    "user_earn_bonus": null,
    "delivery": null,
    "time_accepted": null,
    "time_delivered": null,
    "time_cancelled": null,
    "time_transferred_kitchen": null,
    "time_transferred_corier": null
  }
},
{
  "model": "foods.order",
  "pk": 148,
  "fields": {
    "created_at": "2021-09-28T06:42:46.654Z",
    "comment": null,
    "status": null,
    "user": null,
    "source": null,
    "type": "pickup",
    "address": null,
    "payment_type": null,
    "total": 16000,
    "bonus": null,
    "total_minus_bonus": null,
    "user_earn_bonus": null,
    "delivery": null,
    "time_accepted": null,
    "time_delivered": null,
    "time_cancelled": null,
    "time_transferred_kitchen": null,
    "time_transferred_corier": null
  }
},
{
  "model": "foods.order",
  "pk": 149,
  "fields": {
    "created_at": "2021-09-28T06:44:18.812Z",
    "comment": null,
    "status": null,
    "user": null,
    "source": 6,
    "type": "pickup",
    "address": null,
    "payment_type": null,
    "total": 1600,
    "bonus": null,
    "total_minus_bonus": null,
    "user_earn_bonus": null,
    "delivery": null,
    "time_accepted": null,
    "time_delivered": null,
    "time_cancelled": null,
    "time_transferred_kitchen": null,
    "time_transferred_corier": null
  }
},
{
  "model": "foods.order",
  "pk": 150,
  "fields": {
    "created_at": "2021-09-28T06:45:51.857Z",
    "comment": null,
    "status": null,
    "user": null,
    "source": 6,
    "type": "pickup",
    "address": null,
    "payment_type": null,
    "total": 1600,
    "bonus": null,
    "total_minus_bonus": null,
    "user_earn_bonus": null,
    "delivery": null,
    "time_accepted": null,
    "time_delivered": null,
    "time_cancelled": null,
    "time_transferred_kitchen": null,
    "time_transferred_corier": null
  }
},
{
  "model": "foods.order",
  "pk": 151,
  "fields": {
    "created_at": "2021-09-28T06:50:30.438Z",
    "comment": null,
    "status": null,
    "user": null,
    "source": 6,
    "type": "pickup",
    "address": null,
    "payment_type": null,
    "total": 1600,
    "bonus": null,
    "total_minus_bonus": null,
    "user_earn_bonus": null,
    "delivery": null,
    "time_accepted": null,
    "time_delivered": null,
    "time_cancelled": null,
    "time_transferred_kitchen": null,
    "time_transferred_corier": null
  }
},
{
  "model": "foods.order",
  "pk": 152,
  "fields": {
    "created_at": "2021-09-28T06:50:35.525Z",
    "comment": null,
    "status": null,
    "user": null,
    "source": 6,
    "type": "pickup",
    "address": null,
    "payment_type": null,
    "total": 1600,
    "bonus": null,
    "total_minus_bonus": null,
    "user_earn_bonus": null,
    "delivery": null,
    "time_accepted": null,
    "time_delivered": null,
    "time_cancelled": null,
    "time_transferred_kitchen": null,
    "time_transferred_corier": null
  }
},
{
  "model": "foods.order",
  "pk": 153,
  "fields": {
    "created_at": "2021-09-28T06:59:04.898Z",
    "comment": null,
    "status": null,
    "user": null,
    "source": 6,
    "type": "pickup",
    "address": null,
    "payment_type": null,
    "total": 1600,
    "bonus": null,
    "total_minus_bonus": null,
    "user_earn_bonus": null,
    "delivery": null,
    "time_accepted": null,
    "time_delivered": null,
    "time_cancelled": null,
    "time_transferred_kitchen": null,
    "time_transferred_corier": null
  }
},
{
  "model": "foods.order",
  "pk": 154,
  "fields": {
    "created_at": "2021-09-28T07:00:49.406Z",
    "comment": null,
    "status": null,
    "user": null,
    "source": 6,
    "type": "pickup",
    "address": null,
    "payment_type": null,
    "total": 1600,
    "bonus": null,
    "total_minus_bonus": null,
    "user_earn_bonus": null,
    "delivery": null,
    "time_accepted": null,
    "time_delivered": null,
    "time_cancelled": null,
    "time_transferred_kitchen": null,
    "time_transferred_corier": null
  }
},
{
  "model": "foods.order",
  "pk": 155,
  "fields": {
    "created_at": "2021-09-28T07:05:46.995Z",
    "comment": null,
    "status": null,
    "user": null,
    "source": 6,
    "type": "pickup",
    "address": null,
    "payment_type": null,
    "total": 1600,
    "bonus": null,
    "total_minus_bonus": null,
    "user_earn_bonus": null,
    "delivery": null,
    "time_accepted": null,
    "time_delivered": null,
    "time_cancelled": null,
    "time_transferred_kitchen": null,
    "time_transferred_corier": null
  }
},
{
  "model": "foods.order",
  "pk": 156,
  "fields": {
    "created_at": "2021-09-28T07:07:28.170Z",
    "comment": null,
    "status": null,
    "user": null,
    "source": 6,
    "type": "pickup",
    "address": null,
    "payment_type": null,
    "total": 1600,
    "bonus": null,
    "total_minus_bonus": null,
    "user_earn_bonus": null,
    "delivery": null,
    "time_accepted": null,
    "time_delivered": null,
    "time_cancelled": null,
    "time_transferred_kitchen": null,
    "time_transferred_corier": null
  }
},
{
  "model": "foods.order",
  "pk": 157,
  "fields": {
    "created_at": "2021-09-28T07:08:44.257Z",
    "comment": null,
    "status": null,
    "user": null,
    "source": 6,
    "type": "pickup",
    "address": null,
    "payment_type": null,
    "total": 1600,
    "bonus": null,
    "total_minus_bonus": null,
    "user_earn_bonus": null,
    "delivery": null,
    "time_accepted": null,
    "time_delivered": null,
    "time_cancelled": null,
    "time_transferred_kitchen": null,
    "time_transferred_corier": null
  }
},
{
  "model": "foods.order",
  "pk": 158,
  "fields": {
    "created_at": "2021-09-28T07:09:32.685Z",
    "comment": null,
    "status": null,
    "user": null,
    "source": 6,
    "type": "pickup",
    "address": null,
    "payment_type": null,
    "total": 1600,
    "bonus": null,
    "total_minus_bonus": null,
    "user_earn_bonus": null,
    "delivery": null,
    "time_accepted": null,
    "time_delivered": null,
    "time_cancelled": null,
    "time_transferred_kitchen": null,
    "time_transferred_corier": null
  }
},
{
  "model": "foods.order",
  "pk": 159,
  "fields": {
    "created_at": "2021-09-28T07:09:49.474Z",
    "comment": null,
    "status": null,
    "user": null,
    "source": 6,
    "type": "pickup",
    "address": null,
    "payment_type": null,
    "total": 1600,
    "bonus": null,
    "total_minus_bonus": null,
    "user_earn_bonus": null,
    "delivery": null,
    "time_accepted": null,
    "time_delivered": null,
    "time_cancelled": null,
    "time_transferred_kitchen": null,
    "time_transferred_corier": null
  }
},
{
  "model": "foods.order",
  "pk": 160,
  "fields": {
    "created_at": "2021-09-28T07:10:19.425Z",
    "comment": null,
    "status": null,
    "user": null,
    "source": 6,
    "type": "pickup",
    "address": null,
    "payment_type": null,
    "total": 1600,
    "bonus": null,
    "total_minus_bonus": null,
    "user_earn_bonus": null,
    "delivery": null,
    "time_accepted": null,
    "time_delivered": null,
    "time_cancelled": null,
    "time_transferred_kitchen": null,
    "time_transferred_corier": null
  }
},
{
  "model": "foods.order",
  "pk": 161,
  "fields": {
    "created_at": "2021-09-28T07:12:38.670Z",
    "comment": null,
    "status": null,
    "user": null,
    "source": 6,
    "type": "pickup",
    "address": null,
    "payment_type": null,
    "total": 1600,
    "bonus": null,
    "total_minus_bonus": null,
    "user_earn_bonus": null,
    "delivery": null,
    "time_accepted": null,
    "time_delivered": null,
    "time_cancelled": null,
    "time_transferred_kitchen": null,
    "time_transferred_corier": null
  }
},
{
  "model": "foods.order",
  "pk": 162,
  "fields": {
    "created_at": "2021-09-28T07:15:17.321Z",
    "comment": null,
    "status": null,
    "user": null,
    "source": 6,
    "type": "pickup",
    "address": null,
    "payment_type": null,
    "total": 1600,
    "bonus": null,
    "total_minus_bonus": null,
    "user_earn_bonus": null,
    "delivery": null,
    "time_accepted": null,
    "time_delivered": null,
    "time_cancelled": null,
    "time_transferred_kitchen": null,
    "time_transferred_corier": null
  }
},
{
  "model": "foods.order",
  "pk": 163,
  "fields": {
    "created_at": "2021-09-28T07:15:59.325Z",
    "comment": null,
    "status": null,
    "user": null,
    "source": 6,
    "type": "pickup",
    "address": null,
    "payment_type": null,
    "total": 1600,
    "bonus": null,
    "total_minus_bonus": null,
    "user_earn_bonus": null,
    "delivery": null,
    "time_accepted": null,
    "time_delivered": null,
    "time_cancelled": null,
    "time_transferred_kitchen": null,
    "time_transferred_corier": null
  }
},
{
  "model": "foods.order",
  "pk": 164,
  "fields": {
    "created_at": "2021-09-28T07:16:19.006Z",
    "comment": null,
    "status": null,
    "user": null,
    "source": 6,
    "type": "pickup",
    "address": null,
    "payment_type": null,
    "total": 1600,
    "bonus": null,
    "total_minus_bonus": null,
    "user_earn_bonus": null,
    "delivery": null,
    "time_accepted": null,
    "time_delivered": null,
    "time_cancelled": null,
    "time_transferred_kitchen": null,
    "time_transferred_corier": null
  }
},
{
  "model": "foods.order",
  "pk": 165,
  "fields": {
    "created_at": "2021-09-28T07:18:39.925Z",
    "comment": null,
    "status": null,
    "user": null,
    "source": 6,
    "type": "pickup",
    "address": null,
    "payment_type": null,
    "total": 1600,
    "bonus": null,
    "total_minus_bonus": null,
    "user_earn_bonus": null,
    "delivery": null,
    "time_accepted": null,
    "time_delivered": null,
    "time_cancelled": null,
    "time_transferred_kitchen": null,
    "time_transferred_corier": null
  }
},
{
  "model": "foods.order",
  "pk": 166,
  "fields": {
    "created_at": "2021-09-28T07:19:22.263Z",
    "comment": null,
    "status": null,
    "user": null,
    "source": 6,
    "type": "pickup",
    "address": null,
    "payment_type": null,
    "total": 1600,
    "bonus": null,
    "total_minus_bonus": null,
    "user_earn_bonus": null,
    "delivery": null,
    "time_accepted": null,
    "time_delivered": null,
    "time_cancelled": null,
    "time_transferred_kitchen": null,
    "time_transferred_corier": null
  }
},
{
  "model": "foods.order",
  "pk": 167,
  "fields": {
    "created_at": "2021-09-28T07:21:08.513Z",
    "comment": null,
    "status": null,
    "user": null,
    "source": 6,
    "type": "pickup",
    "address": null,
    "payment_type": null,
    "total": 1600,
    "bonus": null,
    "total_minus_bonus": null,
    "user_earn_bonus": null,
    "delivery": null,
    "time_accepted": null,
    "time_delivered": null,
    "time_cancelled": null,
    "time_transferred_kitchen": null,
    "time_transferred_corier": null
  }
},
{
  "model": "foods.order",
  "pk": 168,
  "fields": {
    "created_at": "2021-09-28T07:23:46.467Z",
    "comment": null,
    "status": null,
    "user": null,
    "source": 6,
    "type": "pickup",
    "address": null,
    "payment_type": null,
    "total": 1600,
    "bonus": null,
    "total_minus_bonus": null,
    "user_earn_bonus": null,
    "delivery": null,
    "time_accepted": null,
    "time_delivered": null,
    "time_cancelled": null,
    "time_transferred_kitchen": null,
    "time_transferred_corier": null
  }
},
{
  "model": "foods.order",
  "pk": 169,
  "fields": {
    "created_at": "2021-09-28T07:24:39.106Z",
    "comment": null,
    "status": null,
    "user": null,
    "source": 6,
    "type": "pickup",
    "address": null,
    "payment_type": null,
    "total": 1600,
    "bonus": null,
    "total_minus_bonus": null,
    "user_earn_bonus": null,
    "delivery": null,
    "time_accepted": null,
    "time_delivered": null,
    "time_cancelled": null,
    "time_transferred_kitchen": null,
    "time_transferred_corier": null
  }
},
{
  "model": "foods.order",
  "pk": 170,
  "fields": {
    "created_at": "2021-09-28T07:26:56.431Z",
    "comment": null,
    "status": null,
    "user": null,
    "source": 6,
    "type": "pickup",
    "address": null,
    "payment_type": null,
    "total": 1600,
    "bonus": null,
    "total_minus_bonus": null,
    "user_earn_bonus": null,
    "delivery": null,
    "time_accepted": null,
    "time_delivered": null,
    "time_cancelled": null,
    "time_transferred_kitchen": null,
    "time_transferred_corier": null
  }
},
{
  "model": "foods.order",
  "pk": 171,
  "fields": {
    "created_at": "2021-09-28T07:29:42.343Z",
    "comment": null,
    "status": null,
    "user": null,
    "source": 6,
    "type": "pickup",
    "address": null,
    "payment_type": null,
    "total": 1600,
    "bonus": null,
    "total_minus_bonus": null,
    "user_earn_bonus": null,
    "delivery": null,
    "time_accepted": null,
    "time_delivered": null,
    "time_cancelled": null,
    "time_transferred_kitchen": null,
    "time_transferred_corier": null
  }
},
{
  "model": "foods.order",
  "pk": 172,
  "fields": {
    "created_at": "2021-09-28T07:49:29.930Z",
    "comment": null,
    "status": null,
    "user": null,
    "source": 6,
    "type": "pickup",
    "address": null,
    "payment_type": null,
    "total": 1600,
    "bonus": null,
    "total_minus_bonus": null,
    "user_earn_bonus": null,
    "delivery": null,
    "time_accepted": null,
    "time_delivered": null,
    "time_cancelled": null,
    "time_transferred_kitchen": null,
    "time_transferred_corier": null
  }
},
{
  "model": "foods.order",
  "pk": 173,
  "fields": {
    "created_at": "2021-09-28T07:51:01.196Z",
    "comment": null,
    "status": null,
    "user": null,
    "source": 6,
    "type": "pickup",
    "address": null,
    "payment_type": null,
    "total": 1600,
    "bonus": null,
    "total_minus_bonus": null,
    "user_earn_bonus": null,
    "delivery": null,
    "time_accepted": null,
    "time_delivered": null,
    "time_cancelled": null,
    "time_transferred_kitchen": null,
    "time_transferred_corier": null
  }
},
{
  "model": "foods.order",
  "pk": 174,
  "fields": {
    "created_at": "2021-09-28T07:55:50.895Z",
    "comment": null,
    "status": null,
    "user": null,
    "source": 6,
    "type": "pickup",
    "address": null,
    "payment_type": null,
    "total": 1600,
    "bonus": null,
    "total_minus_bonus": null,
    "user_earn_bonus": null,
    "delivery": null,
    "time_accepted": null,
    "time_delivered": null,
    "time_cancelled": null,
    "time_transferred_kitchen": null,
    "time_transferred_corier": null
  }
},
{
  "model": "foods.order",
  "pk": 175,
  "fields": {
    "created_at": "2021-09-28T07:56:58.827Z",
    "comment": null,
    "status": null,
    "user": null,
    "source": 6,
    "type": "pickup",
    "address": null,
    "payment_type": null,
    "total": 1600,
    "bonus": null,
    "total_minus_bonus": null,
    "user_earn_bonus": null,
    "delivery": null,
    "time_accepted": null,
    "time_delivered": null,
    "time_cancelled": null,
    "time_transferred_kitchen": null,
    "time_transferred_corier": null
  }
},
{
  "model": "foods.order",
  "pk": 176,
  "fields": {
    "created_at": "2021-09-28T07:56:59.910Z",
    "comment": null,
    "status": null,
    "user": null,
    "source": 6,
    "type": "pickup",
    "address": null,
    "payment_type": null,
    "total": 1600,
    "bonus": null,
    "total_minus_bonus": null,
    "user_earn_bonus": null,
    "delivery": null,
    "time_accepted": null,
    "time_delivered": null,
    "time_cancelled": null,
    "time_transferred_kitchen": null,
    "time_transferred_corier": null
  }
},
{
  "model": "foods.order",
  "pk": 177,
  "fields": {
    "created_at": "2021-09-28T07:57:42.802Z",
    "comment": null,
    "status": null,
    "user": null,
    "source": 6,
    "type": "pickup",
    "address": null,
    "payment_type": null,
    "total": 1600,
    "bonus": null,
    "total_minus_bonus": null,
    "user_earn_bonus": null,
    "delivery": null,
    "time_accepted": null,
    "time_delivered": null,
    "time_cancelled": null,
    "time_transferred_kitchen": null,
    "time_transferred_corier": null
  }
},
{
  "model": "foods.order",
  "pk": 178,
  "fields": {
    "created_at": "2021-09-28T07:58:28.994Z",
    "comment": null,
    "status": null,
    "user": null,
    "source": 6,
    "type": "pickup",
    "address": null,
    "payment_type": null,
    "total": 1600,
    "bonus": null,
    "total_minus_bonus": null,
    "user_earn_bonus": null,
    "delivery": null,
    "time_accepted": null,
    "time_delivered": null,
    "time_cancelled": null,
    "time_transferred_kitchen": null,
    "time_transferred_corier": null
  }
},
{
  "model": "foods.order",
  "pk": 179,
  "fields": {
    "created_at": "2021-09-28T08:00:17.967Z",
    "comment": null,
    "status": null,
    "user": null,
    "source": 6,
    "type": "pickup",
    "address": null,
    "payment_type": null,
    "total": 1600,
    "bonus": null,
    "total_minus_bonus": null,
    "user_earn_bonus": null,
    "delivery": null,
    "time_accepted": null,
    "time_delivered": null,
    "time_cancelled": null,
    "time_transferred_kitchen": null,
    "time_transferred_corier": null
  }
},
{
  "model": "foods.order",
  "pk": 180,
  "fields": {
    "created_at": "2021-09-28T08:03:51.011Z",
    "comment": null,
    "status": null,
    "user": null,
    "source": 6,
    "type": "pickup",
    "address": null,
    "payment_type": null,
    "total": 1600,
    "bonus": null,
    "total_minus_bonus": null,
    "user_earn_bonus": null,
    "delivery": null,
    "time_accepted": null,
    "time_delivered": null,
    "time_cancelled": null,
    "time_transferred_kitchen": null,
    "time_transferred_corier": null
  }
},
{
  "model": "foods.order",
  "pk": 181,
  "fields": {
    "created_at": "2021-09-28T08:04:51.575Z",
    "comment": null,
    "status": null,
    "user": null,
    "source": 6,
    "type": "pickup",
    "address": null,
    "payment_type": null,
    "total": 1600,
    "bonus": null,
    "total_minus_bonus": null,
    "user_earn_bonus": null,
    "delivery": null,
    "time_accepted": null,
    "time_delivered": null,
    "time_cancelled": null,
    "time_transferred_kitchen": null,
    "time_transferred_corier": null
  }
},
{
  "model": "foods.order",
  "pk": 182,
  "fields": {
    "created_at": "2021-09-28T08:31:09.475Z",
    "comment": null,
    "status": null,
    "user": null,
    "source": 6,
    "type": "pickup",
    "address": null,
    "payment_type": null,
    "total": 609,
    "bonus": null,
    "total_minus_bonus": null,
    "user_earn_bonus": null,
    "delivery": null,
    "time_accepted": null,
    "time_delivered": null,
    "time_cancelled": null,
    "time_transferred_kitchen": null,
    "time_transferred_corier": null
  }
},
{
  "model": "foods.order",
  "pk": 183,
  "fields": {
    "created_at": "2021-09-28T08:33:30.356Z",
    "comment": "New ordeeer after website",
    "status": null,
    "user": 27,
    "source": null,
    "type": "pickup",
    "address": 31,
    "payment_type": 1,
    "total": 1216,
    "bonus": 16,
    "total_minus_bonus": 1200,
    "user_earn_bonus": 44,
    "delivery": null,
    "time_accepted": null,
    "time_delivered": null,
    "time_cancelled": null,
    "time_transferred_kitchen": null,
    "time_transferred_corier": null
  }
},
{
  "model": "foods.order",
  "pk": 184,
  "fields": {
    "created_at": "2021-09-28T08:44:52.818Z",
    "comment": "Comment",
    "status": null,
    "user": null,
    "source": 6,
    "type": "delivery",
    "address": null,
    "payment_type": 1,
    "total": 707,
    "bonus": null,
    "total_minus_bonus": null,
    "user_earn_bonus": null,
    "delivery": null,
    "time_accepted": null,
    "time_delivered": null,
    "time_cancelled": null,
    "time_transferred_kitchen": null,
    "time_transferred_corier": null
  }
},
{
  "model": "foods.order",
  "pk": 185,
  "fields": {
    "created_at": "2021-09-30T09:30:50.992Z",
    "comment": "New ordeeer",
    "status": 13,
    "user": 40,
    "source": null,
    "type": "pickup",
    "address": 31,
    "payment_type": 1,
    "total": 1580,
    "bonus": 16,
    "total_minus_bonus": 1564,
    "user_earn_bonus": 62,
    "delivery": null,
    "time_accepted": null,
    "time_delivered": null,
    "time_cancelled": null,
    "time_transferred_kitchen": "2021-10-04T06:07:48.089Z",
    "time_transferred_corier": "2021-10-04T06:08:12.660Z"
  }
},
{
  "model": "foods.order",
  "pk": 186,
  "fields": {
    "created_at": "2021-09-30T09:37:47.595Z",
    "comment": "",
    "status": 11,
    "user": 1,
    "source": 6,
    "type": "pickup",
    "address": null,
    "payment_type": null,
    "total": 609,
    "bonus": null,
    "total_minus_bonus": null,
    "user_earn_bonus": null,
    "delivery": null,
    "time_accepted": null,
    "time_delivered": null,
    "time_cancelled": null,
    "time_transferred_kitchen": "2021-10-01T08:42:06Z",
    "time_transferred_corier": "2021-10-01T08:42:10Z"
  }
},
{
  "model": "foods.order",
  "pk": 187,
  "fields": {
    "created_at": "2021-10-04T04:07:41.717Z",
    "comment": "New ordeeer after website",
    "status": 10,
    "user": 40,
    "source": null,
    "type": "pickup",
    "address": 34,
    "payment_type": 1,
    "total": 1216,
    "bonus": 16,
    "total_minus_bonus": 1200,
    "user_earn_bonus": 44,
    "delivery": null,
    "time_accepted": null,
    "time_delivered": null,
    "time_cancelled": null,
    "time_transferred_kitchen": null,
    "time_transferred_corier": null
  }
},
{
  "model": "foods.order",
  "pk": 188,
  "fields": {
    "created_at": "2021-10-04T07:10:51.360Z",
    "comment": "New ordeeer",
    "status": 10,
    "user": 1,
    "source": null,
    "type": "pickup",
    "address": 1,
    "payment_type": 1,
    "total": 1216,
    "bonus": 16,
    "total_minus_bonus": 1200,
    "user_earn_bonus": 104,
    "delivery": null,
    "time_accepted": null,
    "time_delivered": null,
    "time_cancelled": null,
    "time_transferred_kitchen": null,
    "time_transferred_corier": null
  }
},
{
  "model": "foods.order",
  "pk": 189,
  "fields": {
    "created_at": "2021-10-04T07:28:14.886Z",
    "comment": "New ordeeer",
    "status": null,
    "user": 1,
    "source": null,
    "type": "pickup",
    "address": 1,
    "payment_type": 1,
    "total": 1216,
    "bonus": 16,
    "total_minus_bonus": 1200,
    "user_earn_bonus": 104,
    "delivery": null,
    "time_accepted": null,
    "time_delivered": null,
    "time_cancelled": null,
    "time_transferred_kitchen": null,
    "time_transferred_corier": null
  }
},
{
  "model": "foods.order",
  "pk": 190,
  "fields": {
    "created_at": "2021-10-04T07:28:44.485Z",
    "comment": "New ordeeer",
    "status": null,
    "user": 1,
    "source": null,
    "type": "pickup",
    "address": 1,
    "payment_type": 1,
    "total": 1216,
    "bonus": 16,
    "total_minus_bonus": 1200,
    "user_earn_bonus": 104,
    "delivery": null,
    "time_accepted": null,
    "time_delivered": null,
    "time_cancelled": null,
    "time_transferred_kitchen": null,
    "time_transferred_corier": null
  }
},
{
  "model": "foods.order",
  "pk": 191,
  "fields": {
    "created_at": "2021-10-04T07:31:05.428Z",
    "comment": "New ordeeer",
    "status": null,
    "user": 1,
    "source": null,
    "type": "pickup",
    "address": 1,
    "payment_type": 1,
    "total": 608,
    "bonus": 16,
    "total_minus_bonus": 592,
    "user_earn_bonus": 43,
    "delivery": null,
    "time_accepted": null,
    "time_delivered": null,
    "time_cancelled": null,
    "time_transferred_kitchen": null,
    "time_transferred_corier": null
  }
},
{
  "model": "foods.order",
  "pk": 192,
  "fields": {
    "created_at": "2021-10-04T07:31:36.249Z",
    "comment": "New ordeeer",
    "status": null,
    "user": 1,
    "source": null,
    "type": "pickup",
    "address": 1,
    "payment_type": 1,
    "total": 1216,
    "bonus": 16,
    "total_minus_bonus": 1200,
    "user_earn_bonus": 104,
    "delivery": null,
    "time_accepted": null,
    "time_delivered": null,
    "time_cancelled": null,
    "time_transferred_kitchen": null,
    "time_transferred_corier": null
  }
},
{
  "model": "foods.order",
  "pk": 193,
  "fields": {
    "created_at": "2021-10-04T07:35:07.259Z",
    "comment": "New ordeeer",
    "status": 10,
    "user": 1,
    "source": 5,
    "type": "pickup",
    "address": 1,
    "payment_type": 1,
    "total": 1216,
    "bonus": 16,
    "total_minus_bonus": 1200,
    "user_earn_bonus": 104,
    "delivery": null,
    "time_accepted": null,
    "time_delivered": null,
    "time_cancelled": null,
    "time_transferred_kitchen": null,
    "time_transferred_corier": null
  }
},
{
  "model": "foods.order",
  "pk": 194,
  "fields": {
    "created_at": "2021-10-04T07:55:56.794Z",
    "comment": "New ordeeer",
    "status": null,
    "user": 1,
    "source": null,
    "type": "pickup",
    "address": 1,
    "payment_type": 1,
    "total": 1216,
    "bonus": 16,
    "total_minus_bonus": 1200,
    "user_earn_bonus": 104,
    "delivery": null,
    "time_accepted": null,
    "time_delivered": null,
    "time_cancelled": null,
    "time_transferred_kitchen": null,
    "time_transferred_corier": null
  }
},
{
  "model": "foods.order",
  "pk": 195,
  "fields": {
    "created_at": "2021-10-04T07:56:43.491Z",
    "comment": "New ordeeer",
    "status": null,
    "user": 1,
    "source": null,
    "type": "pickup",
    "address": 1,
    "payment_type": 1,
    "total": 1216,
    "bonus": 16,
    "total_minus_bonus": 1200,
    "user_earn_bonus": 104,
    "delivery": null,
    "time_accepted": null,
    "time_delivered": null,
    "time_cancelled": null,
    "time_transferred_kitchen": null,
    "time_transferred_corier": null
  }
},
{
  "model": "foods.order",
  "pk": 196,
  "fields": {
    "created_at": "2021-10-06T04:43:53.916Z",
    "comment": null,
    "status": 10,
    "user": null,
    "source": 6,
    "type": "pickup",
    "address": null,
    "payment_type": null,
    "total": 609,
    "bonus": null,
    "total_minus_bonus": null,
    "user_earn_bonus": null,
    "delivery": null,
    "time_accepted": null,
    "time_delivered": null,
    "time_cancelled": null,
    "time_transferred_kitchen": null,
    "time_transferred_corier": null
  }
},
{
  "model": "foods.order",
  "pk": 197,
  "fields": {
    "created_at": "2021-10-06T04:52:59.775Z",
    "comment": null,
    "status": null,
    "user": null,
    "source": null,
    "type": "pickup",
    "address": null,
    "payment_type": null,
    "total": 609,
    "bonus": null,
    "total_minus_bonus": null,
    "user_earn_bonus": null,
    "delivery": null,
    "time_accepted": null,
    "time_delivered": null,
    "time_cancelled": null,
    "time_transferred_kitchen": null,
    "time_transferred_corier": null
  }
},
{
  "model": "foods.order",
  "pk": 198,
  "fields": {
    "created_at": "2021-10-06T07:47:00.037Z",
    "comment": null,
    "status": null,
    "user": 1,
    "source": null,
    "type": "pickup",
    "address": null,
    "payment_type": null,
    "total": 200,
    "bonus": 0,
    "total_minus_bonus": 200,
    "user_earn_bonus": 20,
    "delivery": null,
    "time_accepted": null,
    "time_delivered": null,
    "time_cancelled": null,
    "time_transferred_kitchen": null,
    "time_transferred_corier": null
  }
},
{
  "model": "foods.order",
  "pk": 199,
  "fields": {
    "created_at": "2021-10-06T07:48:48.829Z",
    "comment": null,
    "status": null,
    "user": 1,
    "source": null,
    "type": "pickup",
    "address": null,
    "payment_type": null,
    "total": 200,
    "bonus": 0,
    "total_minus_bonus": 200,
    "user_earn_bonus": 20,
    "delivery": null,
    "time_accepted": null,
    "time_delivered": null,
    "time_cancelled": null,
    "time_transferred_kitchen": null,
    "time_transferred_corier": null
  }
},
{
  "model": "foods.order",
  "pk": 200,
  "fields": {
    "created_at": "2021-10-06T07:49:44.867Z",
    "comment": null,
    "status": null,
    "user": 1,
    "source": null,
    "type": "pickup",
    "address": null,
    "payment_type": null,
    "total": 200,
    "bonus": 0,
    "total_minus_bonus": 200,
    "user_earn_bonus": 20,
    "delivery": null,
    "time_accepted": null,
    "time_delivered": null,
    "time_cancelled": null,
    "time_transferred_kitchen": null,
    "time_transferred_corier": null
  }
},
{
  "model": "foods.order",
  "pk": 201,
  "fields": {
    "created_at": "2021-10-06T07:50:21.223Z",
    "comment": null,
    "status": null,
    "user": 1,
    "source": null,
    "type": "pickup",
    "address": null,
    "payment_type": null,
    "total": 200,
    "bonus": 0,
    "total_minus_bonus": 200,
    "user_earn_bonus": 20,
    "delivery": null,
    "time_accepted": null,
    "time_delivered": null,
    "time_cancelled": null,
    "time_transferred_kitchen": null,
    "time_transferred_corier": null
  }
},
{
  "model": "foods.order",
  "pk": 202,
  "fields": {
    "created_at": "2021-10-06T07:50:54.114Z",
    "comment": null,
    "status": null,
    "user": 1,
    "source": null,
    "type": "pickup",
    "address": null,
    "payment_type": null,
    "total": 200,
    "bonus": 20,
    "total_minus_bonus": 180,
    "user_earn_bonus": -2,
    "delivery": null,
    "time_accepted": null,
    "time_delivered": null,
    "time_cancelled": null,
    "time_transferred_kitchen": null,
    "time_transferred_corier": null
  }
},
{
  "model": "foods.order",
  "pk": 203,
  "fields": {
    "created_at": "2021-10-06T07:53:19.613Z",
    "comment": null,
    "status": null,
    "user": 1,
    "source": null,
    "type": "pickup",
    "address": null,
    "payment_type": null,
    "total": 200,
    "bonus": 20,
    "total_minus_bonus": 180,
    "user_earn_bonus": -2,
    "delivery": null,
    "time_accepted": null,
    "time_delivered": null,
    "time_cancelled": null,
    "time_transferred_kitchen": null,
    "time_transferred_corier": null
  }
},
{
  "model": "foods.order",
  "pk": 204,
  "fields": {
    "created_at": "2021-10-06T07:55:59.809Z",
    "comment": null,
    "status": null,
    "user": 1,
    "source": null,
    "type": "pickup",
    "address": null,
    "payment_type": null,
    "total": 200,
    "bonus": 20,
    "total_minus_bonus": 180,
    "user_earn_bonus": -2,
    "delivery": null,
    "time_accepted": null,
    "time_delivered": null,
    "time_cancelled": null,
    "time_transferred_kitchen": null,
    "time_transferred_corier": null
  }
},
{
  "model": "foods.order",
  "pk": 205,
  "fields": {
    "created_at": "2021-10-06T07:59:48.536Z",
    "comment": null,
    "status": 10,
    "user": 1,
    "source": 7,
    "type": "pickup",
    "address": null,
    "payment_type": 11,
    "total": 200,
    "bonus": 20,
    "total_minus_bonus": 180,
    "user_earn_bonus": -2,
    "delivery": null,
    "time_accepted": null,
    "time_delivered": null,
    "time_cancelled": null,
    "time_transferred_kitchen": null,
    "time_transferred_corier": null
  }
},
{
  "model": "foods.order",
  "pk": 206,
  "fields": {
    "created_at": "2021-10-06T08:00:04.939Z",
    "comment": null,
    "status": 10,
    "user": 1,
    "source": 7,
    "type": "pickup",
    "address": null,
    "payment_type": 11,
    "total": 200,
    "bonus": 20,
    "total_minus_bonus": 180,
    "user_earn_bonus": -2,
    "delivery": null,
    "time_accepted": null,
    "time_delivered": null,
    "time_cancelled": null,
    "time_transferred_kitchen": null,
    "time_transferred_corier": null
  }
},
{
  "model": "foods.order",
  "pk": 207,
  "fields": {
    "created_at": "2021-10-06T08:04:16.987Z",
    "comment": null,
    "status": 14,
    "user": 1,
    "source": 7,
    "type": "pickup",
    "address": null,
    "payment_type": 11,
    "total": 300,
    "bonus": 20,
    "total_minus_bonus": 280,
    "user_earn_bonus": 8,
    "delivery": null,
    "time_accepted": null,
    "time_delivered": null,
    "time_cancelled": null,
    "time_transferred_kitchen": null,
    "time_transferred_corier": null
  }
},
{
  "model": "foods.order",
  "pk": 233,
  "fields": {
    "created_at": "2021-10-08T05:29:50.759Z",
    "comment": null,
    "status": 14,
    "user": 43,
    "source": 7,
    "type": "pickup",
    "address": null,
    "payment_type": 11,
    "total": 100,
    "bonus": 20,
    "total_minus_bonus": 80,
    "user_earn_bonus": -16,
    "delivery": null,
    "time_accepted": null,
    "time_delivered": null,
    "time_cancelled": null,
    "time_transferred_kitchen": null,
    "time_transferred_corier": null
  }
},
{
  "model": "foods.order",
  "pk": 234,
  "fields": {
    "created_at": "2021-10-08T05:30:12.436Z",
    "comment": null,
    "status": 14,
    "user": 43,
    "source": 7,
    "type": "pickup",
    "address": null,
    "payment_type": 11,
    "total": 100,
    "bonus": 20,
    "total_minus_bonus": 80,
    "user_earn_bonus": -16,
    "delivery": null,
    "time_accepted": null,
    "time_delivered": null,
    "time_cancelled": null,
    "time_transferred_kitchen": null,
    "time_transferred_corier": null
  }
},
{
  "model": "foods.order",
  "pk": 235,
  "fields": {
    "created_at": "2021-10-08T05:31:03.834Z",
    "comment": null,
    "status": 14,
    "user": 43,
    "source": 7,
    "type": "pickup",
    "address": null,
    "payment_type": 11,
    "total": 100,
    "bonus": 20,
    "total_minus_bonus": 80,
    "user_earn_bonus": -16,
    "delivery": null,
    "time_accepted": null,
    "time_delivered": null,
    "time_cancelled": null,
    "time_transferred_kitchen": null,
    "time_transferred_corier": null
  }
},
{
  "model": "foods.order",
  "pk": 236,
  "fields": {
    "created_at": "2021-10-08T05:32:59.462Z",
    "comment": null,
    "status": 14,
    "user": 43,
    "source": 7,
    "type": "pickup",
    "address": null,
    "payment_type": 11,
    "total": 100,
    "bonus": 20,
    "total_minus_bonus": 80,
    "user_earn_bonus": -16,
    "delivery": null,
    "time_accepted": null,
    "time_delivered": null,
    "time_cancelled": null,
    "time_transferred_kitchen": null,
    "time_transferred_corier": null
  }
},
{
  "model": "foods.order",
  "pk": 237,
  "fields": {
    "created_at": "2021-10-08T05:35:42.330Z",
    "comment": null,
    "status": 14,
    "user": 43,
    "source": 7,
    "type": "pickup",
    "address": null,
    "payment_type": 11,
    "total": 360,
    "bonus": 20,
    "total_minus_bonus": 340,
    "user_earn_bonus": -3,
    "delivery": null,
    "time_accepted": null,
    "time_delivered": null,
    "time_cancelled": null,
    "time_transferred_kitchen": null,
    "time_transferred_corier": null
  }
},
{
  "model": "foods.order",
  "pk": 238,
  "fields": {
    "created_at": "2021-10-08T05:36:17.114Z",
    "comment": null,
    "status": 14,
    "user": 43,
    "source": 7,
    "type": "pickup",
    "address": null,
    "payment_type": 11,
    "total": 360,
    "bonus": 20,
    "total_minus_bonus": 340,
    "user_earn_bonus": -3,
    "delivery": null,
    "time_accepted": null,
    "time_delivered": null,
    "time_cancelled": null,
    "time_transferred_kitchen": null,
    "time_transferred_corier": null
  }
},
{
  "model": "foods.order",
  "pk": 239,
  "fields": {
    "created_at": "2021-10-08T05:36:36.022Z",
    "comment": null,
    "status": 14,
    "user": 43,
    "source": 7,
    "type": "pickup",
    "address": null,
    "payment_type": 11,
    "total": 360,
    "bonus": 20,
    "total_minus_bonus": 340,
    "user_earn_bonus": -3,
    "delivery": null,
    "time_accepted": null,
    "time_delivered": null,
    "time_cancelled": null,
    "time_transferred_kitchen": null,
    "time_transferred_corier": null
  }
},
{
  "model": "foods.order",
  "pk": 240,
  "fields": {
    "created_at": "2021-10-08T05:37:11.212Z",
    "comment": null,
    "status": 14,
    "user": 43,
    "source": 7,
    "type": "pickup",
    "address": null,
    "payment_type": 11,
    "total": 360,
    "bonus": 20,
    "total_minus_bonus": 340,
    "user_earn_bonus": -3,
    "delivery": null,
    "time_accepted": null,
    "time_delivered": null,
    "time_cancelled": null,
    "time_transferred_kitchen": null,
    "time_transferred_corier": null
  }
},
{
  "model": "foods.order",
  "pk": 241,
  "fields": {
    "created_at": "2021-10-08T05:38:28.492Z",
    "comment": null,
    "status": 14,
    "user": 43,
    "source": 7,
    "type": "pickup",
    "address": null,
    "payment_type": 11,
    "total": 360,
    "bonus": 20,
    "total_minus_bonus": 340,
    "user_earn_bonus": -3,
    "delivery": null,
    "time_accepted": null,
    "time_delivered": null,
    "time_cancelled": null,
    "time_transferred_kitchen": null,
    "time_transferred_corier": null
  }
},
{
  "model": "foods.order",
  "pk": 242,
  "fields": {
    "created_at": "2021-10-08T05:39:53.731Z",
    "comment": null,
    "status": 14,
    "user": 43,
    "source": 7,
    "type": "pickup",
    "address": null,
    "payment_type": 11,
    "total": 460,
    "bonus": 20,
    "total_minus_bonus": 440,
    "user_earn_bonus": 2,
    "delivery": null,
    "time_accepted": null,
    "time_delivered": null,
    "time_cancelled": null,
    "time_transferred_kitchen": null,
    "time_transferred_corier": null
  }
},
{
  "model": "foods.order",
  "pk": 243,
  "fields": {
    "created_at": "2021-10-08T05:40:52.999Z",
    "comment": null,
    "status": 14,
    "user": 43,
    "source": 7,
    "type": "pickup",
    "address": null,
    "payment_type": 11,
    "total": 460,
    "bonus": 20,
    "total_minus_bonus": 440,
    "user_earn_bonus": 2,
    "delivery": null,
    "time_accepted": null,
    "time_delivered": null,
    "time_cancelled": null,
    "time_transferred_kitchen": null,
    "time_transferred_corier": null
  }
},
{
  "model": "foods.order",
  "pk": 244,
  "fields": {
    "created_at": "2021-10-08T05:41:43.306Z",
    "comment": null,
    "status": 14,
    "user": 43,
    "source": 7,
    "type": "pickup",
    "address": null,
    "payment_type": 11,
    "total": 807,
    "bonus": 20,
    "total_minus_bonus": 787,
    "user_earn_bonus": 19,
    "delivery": null,
    "time_accepted": null,
    "time_delivered": null,
    "time_cancelled": null,
    "time_transferred_kitchen": null,
    "time_transferred_corier": null
  }
},
{
  "model": "foods.order",
  "pk": 245,
  "fields": {
    "created_at": "2021-10-08T05:47:24.163Z",
    "comment": null,
    "status": 14,
    "user": 43,
    "source": 7,
    "type": "pickup",
    "address": null,
    "payment_type": 11,
    "total": 807,
    "bonus": 20,
    "total_minus_bonus": 787,
    "user_earn_bonus": 19,
    "delivery": null,
    "time_accepted": null,
    "time_delivered": null,
    "time_cancelled": null,
    "time_transferred_kitchen": null,
    "time_transferred_corier": null
  }
},
{
  "model": "foods.order",
  "pk": 246,
  "fields": {
    "created_at": "2021-10-08T05:47:39.831Z",
    "comment": null,
    "status": 14,
    "user": 43,
    "source": 7,
    "type": "pickup",
    "address": null,
    "payment_type": 11,
    "total": 1072,
    "bonus": 20,
    "total_minus_bonus": 1052,
    "user_earn_bonus": 32,
    "delivery": null,
    "time_accepted": null,
    "time_delivered": null,
    "time_cancelled": null,
    "time_transferred_kitchen": null,
    "time_transferred_corier": null
  }
},
{
  "model": "foods.order",
  "pk": 247,
  "fields": {
    "created_at": "2021-10-08T06:18:08.742Z",
    "comment": "New ordeeer",
    "status": null,
    "user": 1,
    "source": null,
    "type": "pickup",
    "address": 1,
    "payment_type": 1,
    "total": 6080,
    "bonus": 16,
    "total_minus_bonus": 6064,
    "user_earn_bonus": 590,
    "delivery": null,
    "time_accepted": null,
    "time_delivered": null,
    "time_cancelled": null,
    "time_transferred_kitchen": null,
    "time_transferred_corier": null
  }
},
{
  "model": "foods.order",
  "pk": 248,
  "fields": {
    "created_at": "2021-10-08T06:19:46.507Z",
    "comment": "New ordeeer",
    "status": null,
    "user": 1,
    "source": null,
    "type": "pickup",
    "address": 1,
    "payment_type": 1,
    "total": 10234,
    "bonus": 16,
    "total_minus_bonus": 10218,
    "user_earn_bonus": 1005,
    "delivery": null,
    "time_accepted": null,
    "time_delivered": null,
    "time_cancelled": null,
    "time_transferred_kitchen": null,
    "time_transferred_corier": null
  }
},
{
  "model": "foods.order",
  "pk": 249,
  "fields": {
    "created_at": "2021-10-08T06:32:49.540Z",
    "comment": null,
    "status": 10,
    "user": 1,
    "source": 5,
    "type": "pickup",
    "address": null,
    "payment_type": null,
    "total": 874,
    "bonus": 0,
    "total_minus_bonus": 874,
    "user_earn_bonus": 87,
    "delivery": null,
    "time_accepted": null,
    "time_delivered": null,
    "time_cancelled": null,
    "time_transferred_kitchen": null,
    "time_transferred_corier": null
  }
},
{
  "model": "foods.order",
  "pk": 250,
  "fields": {
    "created_at": "2021-10-08T06:33:58.735Z",
    "comment": null,
    "status": 10,
    "user": 1,
    "source": 5,
    "type": "pickup",
    "address": null,
    "payment_type": null,
    "total": 874,
    "bonus": 0,
    "total_minus_bonus": 874,
    "user_earn_bonus": 87,
    "delivery": null,
    "time_accepted": null,
    "time_delivered": null,
    "time_cancelled": null,
    "time_transferred_kitchen": null,
    "time_transferred_corier": null
  }
},
{
  "model": "foods.order",
  "pk": 251,
  "fields": {
    "created_at": "2021-10-08T06:35:32.880Z",
    "comment": null,
    "status": 10,
    "user": 1,
    "source": 5,
    "type": "pickup",
    "address": 1,
    "payment_type": null,
    "total": 1748,
    "bonus": 0,
    "total_minus_bonus": 1748,
    "user_earn_bonus": 174,
    "delivery": null,
    "time_accepted": null,
    "time_delivered": null,
    "time_cancelled": null,
    "time_transferred_kitchen": null,
    "time_transferred_corier": null
  }
},
{
  "model": "foods.order",
  "pk": 252,
  "fields": {
    "created_at": "2021-10-08T06:41:29.858Z",
    "comment": null,
    "status": 10,
    "user": 1,
    "source": 5,
    "type": "delivery",
    "address": 1,
    "payment_type": null,
    "total": 874,
    "bonus": 0,
    "total_minus_bonus": 874,
    "user_earn_bonus": 87,
    "delivery": null,
    "time_accepted": null,
    "time_delivered": null,
    "time_cancelled": null,
    "time_transferred_kitchen": null,
    "time_transferred_corier": null
  }
},
{
  "model": "foods.order",
  "pk": 253,
  "fields": {
    "created_at": "2021-10-08T06:41:46.835Z",
    "comment": null,
    "status": 10,
    "user": 1,
    "source": 5,
    "type": "pickup",
    "address": null,
    "payment_type": null,
    "total": 874,
    "bonus": 0,
    "total_minus_bonus": 874,
    "user_earn_bonus": 87,
    "delivery": null,
    "time_accepted": null,
    "time_delivered": null,
    "time_cancelled": null,
    "time_transferred_kitchen": null,
    "time_transferred_corier": null
  }
},
{
  "model": "foods.order",
  "pk": 254,
  "fields": {
    "created_at": "2021-10-08T10:28:17.082Z",
    "comment": null,
    "status": 10,
    "user": 1,
    "source": 5,
    "type": "pickup",
    "address": null,
    "payment_type": null,
    "total": 3424,
    "bonus": 0,
    "total_minus_bonus": 3424,
    "user_earn_bonus": 342,
    "delivery": null,
    "time_accepted": null,
    "time_delivered": null,
    "time_cancelled": null,
    "time_transferred_kitchen": null,
    "time_transferred_corier": null
  }
},
{
  "model": "foods.order",
  "pk": 255,
  "fields": {
    "created_at": "2021-10-08T10:30:21.520Z",
    "comment": "",
    "status": 11,
    "user": 1,
    "source": 5,
    "type": "pickup",
    "address": null,
    "payment_type": null,
    "total": 12061,
    "bonus": 0,
    "total_minus_bonus": 12061,
    "user_earn_bonus": 1206,
    "delivery": null,
    "time_accepted": null,
    "time_delivered": null,
    "time_cancelled": null,
    "time_transferred_kitchen": null,
    "time_transferred_corier": null
  }
},
{
  "model": "foods.banner",
  "pk": 1,
  "fields": {
    "title": "Title 0",
    "desc": "desc 0",
    "image": ""
  }
},
{
  "model": "foods.banner",
  "pk": 2,
  "fields": {
    "title": "Title 1",
    "desc": "desc 1",
    "image": ""
  }
},
{
  "model": "foods.banner",
  "pk": 3,
  "fields": {
    "title": "Title 2",
    "desc": "desc 2",
    "image": ""
  }
},
{
  "model": "foods.banner",
  "pk": 4,
  "fields": {
    "title": "Title 3",
    "desc": "desc 3",
    "image": ""
  }
},
{
  "model": "foods.banner",
  "pk": 5,
  "fields": {
    "title": "Title 4",
    "desc": "desc 4",
    "image": ""
  }
},
{
  "model": "foods.favoritefood",
  "pk": 1,
  "fields": {
    "food": 1,
    "user": 11
  }
},
{
  "model": "foods.favoritefood",
  "pk": 3,
  "fields": {
    "food": 3,
    "user": 11
  }
},
{
  "model": "foods.favoritefood",
  "pk": 8,
  "fields": {
    "food": 82,
    "user": 11
  }
},
{
  "model": "foods.favoritefood",
  "pk": 9,
  "fields": {
    "food": 5,
    "user": 11
  }
},
{
  "model": "foods.favoritefood",
  "pk": 10,
  "fields": {
    "food": 7,
    "user": 11
  }
},
{
  "model": "foods.favoritefood",
  "pk": 11,
  "fields": {
    "food": 9,
    "user": 11
  }
},
{
  "model": "foods.favoritefood",
  "pk": 12,
  "fields": {
    "food": 11,
    "user": 11
  }
},
{
  "model": "foods.favoritefood",
  "pk": 18,
  "fields": {
    "food": 3,
    "user": 1
  }
},
{
  "model": "foods.favoritefood",
  "pk": 19,
  "fields": {
    "food": 1,
    "user": 1
  }
},
{
  "model": "foods.favoritefood",
  "pk": 20,
  "fields": {
    "food": 4,
    "user": 1
  }
},
{
  "model": "foods.favoritefood",
  "pk": 21,
  "fields": {
    "food": 5,
    "user": 1
  }
},
{
  "model": "foods.favoritefood",
  "pk": 22,
  "fields": {
    "food": 6,
    "user": 1
  }
},
{
  "model": "foods.favoritefood",
  "pk": 23,
  "fields": {
    "food": 7,
    "user": 1
  }
},
{
  "model": "foods.favoritefood",
  "pk": 27,
  "fields": {
    "food": 10,
    "user": 40
  }
},
{
  "model": "accounts.userstatus",
  "pk": 1,
  "fields": {
    "name": "UserStatus 0",
    "value": 0,
    "discount": 0,
    "picture": "",
    "desc": "USer status desc 0",
    "is_active": true
  }
},
{
  "model": "accounts.userstatus",
  "pk": 2,
  "fields": {
    "name": "UserStatus 1",
    "value": 10000,
    "discount": 200,
    "picture": "",
    "desc": "USer status desc 1",
    "is_active": true
  }
},
{
  "model": "accounts.userstatus",
  "pk": 3,
  "fields": {
    "name": "UserStatus 2",
    "value": 20000,
    "discount": 400,
    "picture": "",
    "desc": "USer status desc 2",
    "is_active": true
  }
},
{
  "model": "accounts.userstatus",
  "pk": 4,
  "fields": {
    "name": "UserStatus 3",
    "value": 30000,
    "discount": 600,
    "picture": "",
    "desc": "USer status desc 3",
    "is_active": true
  }
},
{
  "model": "accounts.userstatus",
  "pk": 5,
  "fields": {
    "name": "UserStatus 4",
    "value": 40000,
    "discount": 800,
    "picture": "",
    "desc": "USer status desc 4",
    "is_active": true
  }
},
{
  "model": "accounts.userstatus",
  "pk": 6,
  "fields": {
    "name": "UserStatus 0",
    "value": 0,
    "discount": 0,
    "picture": "",
    "desc": "USer status desc 0",
    "is_active": true
  }
},
{
  "model": "accounts.userstatus",
  "pk": 7,
  "fields": {
    "name": "UserStatus 1",
    "value": 10000,
    "discount": 200,
    "picture": "",
    "desc": "USer status desc 1",
    "is_active": true
  }
},
{
  "model": "accounts.userstatus",
  "pk": 8,
  "fields": {
    "name": "UserStatus 2",
    "value": 20000,
    "discount": 400,
    "picture": "",
    "desc": "USer status desc 2",
    "is_active": true
  }
},
{
  "model": "accounts.userstatus",
  "pk": 9,
  "fields": {
    "name": "UserStatus 3",
    "value": 30000,
    "discount": 600,
    "picture": "",
    "desc": "USer status desc 3",
    "is_active": true
  }
},
{
  "model": "accounts.userstatus",
  "pk": 10,
  "fields": {
    "name": "UserStatus 4",
    "value": 40000,
    "discount": 800,
    "picture": "",
    "desc": "USer status desc 4",
    "is_active": true
  }
},
{
  "model": "accounts.userstatus",
  "pk": 11,
  "fields": {
    "name": "Silver",
    "value": 50000,
    "discount": 10,
    "picture": "user_status_pics/10-icon.jpg",
    "desc": "silver 10%",
    "is_active": true
  }
},
{
  "model": "accounts.userstatus",
  "pk": 12,
  "fields": {
    "name": "Standart",
    "value": 0,
    "discount": 5,
    "picture": "user_status_pics/5dis.png",
    "desc": "Standart 5%",
    "is_active": true
  }
},
{
  "model": "accounts.userstatus",
  "pk": 13,
  "fields": {
    "name": "Gold",
    "value": 100000,
    "discount": 15,
    "picture": "user_status_pics/15dis.jpeg",
    "desc": "Gold 15%",
    "is_active": true
  }
},
{
  "model": "accounts.userstatus",
  "pk": 14,
  "fields": {
    "name": "Стандарт",
    "value": 100,
    "discount": 5,
    "picture": "",
    "desc": "Standart user status",
    "is_active": true
  }
},
{
  "model": "accounts.user",
  "pk": 1,
  "fields": {
    "last_login": "2021-10-12T07:51:08.361Z",
    "is_superuser": true,
    "is_staff": true,
    "is_active": true,
    "date_joined": "2021-09-06T05:18:49Z",
    "password": "pbkdf2_sha256$260000$h5L6RqBgXr6UZNQ4wCDWMx$uTe7C/JRRizvyEdmKR2DG0P7u5CwgbxGFyx8z6enkBs=",
    "first_name": "Vasya",
    "last_name": "Ivanov",
    "phone_number": "+996700123456",
    "status": 11,
    "bonus": 25000,
    "phone_number2": "",
    "avatar": "avatar/5dis_ClWfCnw.png",
    "total_order_sum": 0,
    "uuid": "1",
    "activation_code": null,
    "groups": [
      2
    ],
    "user_permissions": []
  }
},
{
  "model": "accounts.user",
  "pk": 3,
  "fields": {
    "last_login": null,
    "is_superuser": false,
    "is_staff": false,
    "is_active": true,
    "date_joined": "2021-09-06T06:03:41.892Z",
    "password": null,
    "first_name": "User 1",
    "last_name": "USer surname 1",
    "phone_number": "+996500123451",
    "status": 2,
    "bonus": 0,
    "phone_number2": "",
    "avatar": "",
    "total_order_sum": 0,
    "uuid": "2",
    "activation_code": null,
    "groups": [],
    "user_permissions": []
  }
},
{
  "model": "accounts.user",
  "pk": 10,
  "fields": {
    "last_login": null,
    "is_superuser": false,
    "is_staff": false,
    "is_active": true,
    "date_joined": "2021-09-07T10:06:15.882Z",
    "password": null,
    "first_name": "Special",
    "last_name": "User",
    "phone_number": "996500600700",
    "status": 12,
    "bonus": 100,
    "phone_number2": "",
    "avatar": "",
    "total_order_sum": 0,
    "uuid": "3",
    "activation_code": null,
    "groups": [],
    "user_permissions": []
  }
},
{
  "model": "accounts.user",
  "pk": 11,
  "fields": {
    "last_login": "2021-09-10T10:24:07.023Z",
    "is_superuser": false,
    "is_staff": false,
    "is_active": true,
    "date_joined": "2021-09-07T10:07:05Z",
    "password": null,
    "first_name": "krossplatforma",
    "last_name": "krossplatforma",
    "phone_number": "+996500600700",
    "status": 12,
    "bonus": 100,
    "phone_number2": "",
    "avatar": "",
    "total_order_sum": 0,
    "uuid": "4",
    "activation_code": null,
    "groups": [],
    "user_permissions": []
  }
},
{
  "model": "accounts.user",
  "pk": 15,
  "fields": {
    "last_login": null,
    "is_superuser": false,
    "is_staff": false,
    "is_active": true,
    "date_joined": "2021-09-08T11:36:18Z",
    "password": null,
    "first_name": "TEST",
    "last_name": "MAAM",
    "phone_number": "+996700800900",
    "status": 12,
    "bonus": 100,
    "phone_number2": "",
    "avatar": "",
    "total_order_sum": 0,
    "uuid": "5",
    "activation_code": null,
    "groups": [],
    "user_permissions": []
  }
},
{
  "model": "accounts.user",
  "pk": 26,
  "fields": {
    "last_login": null,
    "is_superuser": false,
    "is_staff": false,
    "is_active": true,
    "date_joined": "2021-09-08T12:38:35Z",
    "password": null,
    "first_name": "AAAMin",
    "last_name": "MAAM",
    "phone_number": "+996512317712",
    "status": 12,
    "bonus": 100,
    "phone_number2": "",
    "avatar": "",
    "total_order_sum": 0,
    "uuid": "16",
    "activation_code": null,
    "groups": [],
    "user_permissions": []
  }
},
{
  "model": "accounts.user",
  "pk": 27,
  "fields": {
    "last_login": "2021-09-27T09:16:29.647Z",
    "is_superuser": false,
    "is_staff": false,
    "is_active": true,
    "date_joined": "2021-09-10T11:20:23Z",
    "password": null,
    "first_name": "Begai",
    "last_name": "",
    "phone_number": "+996512317715",
    "status": 12,
    "bonus": 100,
    "phone_number2": "",
    "avatar": "",
    "total_order_sum": 0,
    "uuid": "522923",
    "activation_code": null,
    "groups": [],
    "user_permissions": []
  }
},
{
  "model": "accounts.user",
  "pk": 28,
  "fields": {
    "last_login": "2021-09-03T06:55:10Z",
    "is_superuser": false,
    "is_staff": false,
    "is_active": true,
    "date_joined": "2021-09-23T06:55:07Z",
    "password": null,
    "first_name": "AAAMin",
    "last_name": "krossplatforma",
    "phone_number": "+996503177185",
    "status": 12,
    "bonus": 100,
    "phone_number2": "",
    "avatar": "",
    "total_order_sum": 0,
    "uuid": "461675",
    "activation_code": null,
    "groups": [],
    "user_permissions": []
  }
},
{
  "model": "accounts.user",
  "pk": 40,
  "fields": {
    "last_login": "2021-10-12T07:47:31.084Z",
    "is_superuser": false,
    "is_staff": false,
    "is_active": true,
    "date_joined": "2021-09-28T12:09:21Z",
    "password": null,
    "first_name": "Vasay",
    "last_name": "",
    "phone_number": "+996704614223",
    "status": 12,
    "bonus": 100,
    "phone_number2": "",
    "avatar": "avatar/5dis_mFmAcKB.png",
    "total_order_sum": 0,
    "uuid": "994665",
    "activation_code": null,
    "groups": [
      1
    ],
    "user_permissions": []
  }
},
{
  "model": "accounts.user",
  "pk": 42,
  "fields": {
    "last_login": "2021-10-05T04:26:08.782Z",
    "is_superuser": false,
    "is_staff": false,
    "is_active": true,
    "date_joined": "2021-10-05T04:25:17.142Z",
    "password": null,
    "first_name": "",
    "last_name": "",
    "phone_number": "+996505211216",
    "status": 12,
    "bonus": 100,
    "phone_number2": "",
    "avatar": "",
    "total_order_sum": 0,
    "uuid": "569981",
    "activation_code": null,
    "groups": [],
    "user_permissions": []
  }
},
{
  "model": "accounts.user",
  "pk": 43,
  "fields": {
    "last_login": "2021-10-08T04:22:34Z",
    "is_superuser": false,
    "is_staff": false,
    "is_active": true,
    "date_joined": "2021-10-08T04:22:31Z",
    "password": "pbkdf2_sha256$260000$XbFkaEpOevzznogVzTopVv$P3awtJTC+fvE6vIrnT+9x4CjYKaHnN06A2hOX6MhNp4=",
    "first_name": "SBS operator",
    "last_name": "",
    "phone_number": "+996500123456",
    "status": 14,
    "bonus": 100,
    "phone_number2": "",
    "avatar": "",
    "total_order_sum": 0,
    "uuid": "692165",
    "activation_code": null,
    "groups": [
      2
    ],
    "user_permissions": []
  }
},
{
  "model": "accounts.user",
  "pk": 47,
  "fields": {
    "last_login": "2021-10-08T12:16:48.042Z",
    "is_superuser": false,
    "is_staff": false,
    "is_active": true,
    "date_joined": "2021-10-08T12:05:37.342Z",
    "password": null,
    "first_name": "",
    "last_name": "",
    "phone_number": "+996777123456",
    "status": 14,
    "bonus": 100,
    "phone_number2": "",
    "avatar": "",
    "total_order_sum": 0,
    "uuid": "857736",
    "activation_code": null,
    "groups": [],
    "user_permissions": []
  }
},
{
  "model": "accounts.address",
  "pk": 1,
  "fields": {
    "address": "Address 0",
    "longitude": null,
    "latitude": null,
    "user": 1,
    "apartment": null,
    "entrance": null,
    "floor": null
  }
},
{
  "model": "accounts.address",
  "pk": 3,
  "fields": {
    "address": "Address 2",
    "longitude": null,
    "latitude": null,
    "user": 3,
    "apartment": null,
    "entrance": null,
    "floor": null
  }
},
{
  "model": "accounts.address",
  "pk": 9,
  "fields": {
    "address": "Aхунбаева 24а",
    "longitude": 1.23456,
    "latitude": 12.3456,
    "user": 1,
    "apartment": null,
    "entrance": null,
    "floor": null
  }
},
{
  "model": "accounts.address",
  "pk": 10,
  "fields": {
    "address": "Aхунбаева 24а",
    "longitude": 1.23456,
    "latitude": 12.3456,
    "user": 1,
    "apartment": null,
    "entrance": null,
    "floor": null
  }
},
{
  "model": "accounts.address",
  "pk": 11,
  "fields": {
    "address": "Aхунбаева 24а",
    "longitude": 1.23456,
    "latitude": 12.3456,
    "user": 1,
    "apartment": null,
    "entrance": null,
    "floor": null
  }
},
{
  "model": "accounts.address",
  "pk": 12,
  "fields": {
    "address": "Aхунбаева 24а",
    "longitude": 1.23456,
    "latitude": 12.3456,
    "user": 1,
    "apartment": null,
    "entrance": null,
    "floor": null
  }
},
{
  "model": "accounts.address",
  "pk": 14,
  "fields": {
    "address": "Aхунбаева 24а",
    "longitude": 1.23456,
    "latitude": 12.3456,
    "user": 1,
    "apartment": null,
    "entrance": null,
    "floor": null
  }
},
{
  "model": "accounts.address",
  "pk": 15,
  "fields": {
    "address": "Aхунбаева 24а",
    "longitude": 1.23456,
    "latitude": 12.3456,
    "user": 1,
    "apartment": null,
    "entrance": null,
    "floor": null
  }
},
{
  "model": "accounts.address",
  "pk": 20,
  "fields": {
    "address": "Aхунбаева 24а",
    "longitude": 1.23456,
    "latitude": 12.3456,
    "user": 1,
    "apartment": null,
    "entrance": null,
    "floor": null
  }
},
{
  "model": "accounts.address",
  "pk": 21,
  "fields": {
    "address": "Aхунбаева 24,b",
    "longitude": 1.23456,
    "latitude": 12.3456,
    "user": 1,
    "apartment": null,
    "entrance": null,
    "floor": null
  }
},
{
  "model": "accounts.address",
  "pk": 30,
  "fields": {
    "address": "New",
    "longitude": 1.23456,
    "latitude": 12.3456,
    "user": 1,
    "apartment": null,
    "entrance": null,
    "floor": null
  }
},
{
  "model": "accounts.address",
  "pk": 31,
  "fields": {
    "address": "Aхунбаева 24,b",
    "longitude": 1.23456,
    "latitude": 12.3456,
    "user": 27,
    "apartment": "56",
    "entrance": "2",
    "floor": "3"
  }
},
{
  "model": "accounts.address",
  "pk": 32,
  "fields": {
    "address": "Aхунбаева 24,b",
    "longitude": 1.23456,
    "latitude": 12.3456,
    "user": 27,
    "apartment": "57",
    "entrance": "2",
    "floor": "3"
  }
},
{
  "model": "accounts.address",
  "pk": 33,
  "fields": {
    "address": "Aхунбаева 24AAAA",
    "longitude": 1.23456,
    "latitude": 12.3456,
    "user": 27,
    "apartment": "99",
    "entrance": "5",
    "floor": "9"
  }
},
{
  "model": "accounts.address",
  "pk": 34,
  "fields": {
    "address": "Aхунбаева 24AAAA",
    "longitude": 1.23456,
    "latitude": 12.3456,
    "user": 40,
    "apartment": "99",
    "entrance": "5",
    "floor": "9"
  }
},
{
  "model": "accounts.address",
  "pk": 36,
  "fields": {
    "address": "Aхунбаева 24AAAAdgsd",
    "longitude": 1.23456,
    "latitude": 12.3456,
    "user": 1,
    "apartment": "99",
    "entrance": "5",
    "floor": "9"
  }
},
{
  "model": "accounts.websiteuser",
  "pk": 1,
  "fields": {
    "name": "Asan",
    "phone_number": "+996555666777",
    "street": "7Apr",
    "apartment": "56",
    "house": "6",
    "entrance": "2",
    "floor": "4",
    "order": null
  }
},
{
  "model": "accounts.websiteuser",
  "pk": 2,
  "fields": {
    "name": "Asan",
    "phone_number": "+996555666777",
    "street": "7Apr",
    "apartment": "56",
    "house": "6",
    "entrance": "2",
    "floor": "4",
    "order": null
  }
},
{
  "model": "accounts.websiteuser",
  "pk": 3,
  "fields": {
    "name": "Asan",
    "phone_number": "+996555666777",
    "street": "7Apr",
    "apartment": "56",
    "house": "6",
    "entrance": "2",
    "floor": "4",
    "order": null
  }
},
{
  "model": "accounts.websiteuser",
  "pk": 4,
  "fields": {
    "name": "Asan",
    "phone_number": "+996555666777",
    "street": "7Apr",
    "apartment": "56",
    "house": "6",
    "entrance": "2",
    "floor": "4",
    "order": null
  }
},
{
  "model": "accounts.websiteuser",
  "pk": 5,
  "fields": {
    "name": "Asan",
    "phone_number": "+996555666777",
    "street": "7Apr",
    "apartment": "56",
    "house": "6",
    "entrance": "2",
    "floor": "4",
    "order": null
  }
},
{
  "model": "accounts.websiteuser",
  "pk": 6,
  "fields": {
    "name": "Asan",
    "phone_number": "+996555666777",
    "street": "7Apr",
    "apartment": "56",
    "house": "6",
    "entrance": "2",
    "floor": "4",
    "order": null
  }
},
{
  "model": "accounts.websiteuser",
  "pk": 7,
  "fields": {
    "name": "Asan",
    "phone_number": "+996555666777",
    "street": "7Apr",
    "apartment": "56",
    "house": "6",
    "entrance": "2",
    "floor": "4",
    "order": null
  }
},
{
  "model": "accounts.websiteuser",
  "pk": 8,
  "fields": {
    "name": "Asan",
    "phone_number": "+996555666777",
    "street": "7Apr",
    "apartment": "56",
    "house": "6",
    "entrance": "2",
    "floor": "4",
    "order": null
  }
},
{
  "model": "accounts.websiteuser",
  "pk": 9,
  "fields": {
    "name": "Asan",
    "phone_number": "+996555666777",
    "street": "7Apr",
    "apartment": "56",
    "house": "6",
    "entrance": "2",
    "floor": "4",
    "order": null
  }
},
{
  "model": "accounts.websiteuser",
  "pk": 10,
  "fields": {
    "name": "Asan",
    "phone_number": "+996555666777",
    "street": "7Apr",
    "apartment": "56",
    "house": "6",
    "entrance": "2",
    "floor": "4",
    "order": null
  }
},
{
  "model": "accounts.websiteuser",
  "pk": 11,
  "fields": {
    "name": "Asan",
    "phone_number": "+996555666777",
    "street": "7Apr",
    "apartment": "56",
    "house": "6",
    "entrance": "2",
    "floor": "4",
    "order": null
  }
},
{
  "model": "accounts.websiteuser",
  "pk": 12,
  "fields": {
    "name": "Asan",
    "phone_number": "+996555666777",
    "street": "7Apr",
    "apartment": "56",
    "house": "6",
    "entrance": "2",
    "floor": "4",
    "order": null
  }
},
{
  "model": "accounts.websiteuser",
  "pk": 13,
  "fields": {
    "name": "Asan",
    "phone_number": "+996555666777",
    "street": "7Apr",
    "apartment": "56",
    "house": "6",
    "entrance": "2",
    "floor": "4",
    "order": null
  }
},
{
  "model": "accounts.websiteuser",
  "pk": 14,
  "fields": {
    "name": "Asan",
    "phone_number": "+996555666777",
    "street": "7Apr",
    "apartment": "56",
    "house": "6",
    "entrance": "2",
    "floor": "4",
    "order": null
  }
},
{
  "model": "accounts.websiteuser",
  "pk": 15,
  "fields": {
    "name": "Asan",
    "phone_number": "+996555666777",
    "street": "7Apr",
    "apartment": "56",
    "house": "6",
    "entrance": "2",
    "floor": "4",
    "order": null
  }
},
{
  "model": "accounts.websiteuser",
  "pk": 16,
  "fields": {
    "name": "Asan",
    "phone_number": "+996555666777",
    "street": "7Apr",
    "apartment": "56",
    "house": "6",
    "entrance": "2",
    "floor": "4",
    "order": null
  }
},
{
  "model": "accounts.websiteuser",
  "pk": 17,
  "fields": {
    "name": "Asan",
    "phone_number": "+996555666777",
    "street": "7Apr",
    "apartment": "56",
    "house": "6",
    "entrance": "2",
    "floor": "4",
    "order": null
  }
},
{
  "model": "accounts.websiteuser",
  "pk": 18,
  "fields": {
    "name": "Asan",
    "phone_number": "+996555666777",
    "street": "7Apr",
    "apartment": "56",
    "house": "6",
    "entrance": "2",
    "floor": "4",
    "order": null
  }
},
{
  "model": "accounts.websiteuser",
  "pk": 19,
  "fields": {
    "name": "Asan",
    "phone_number": "+996555666777",
    "street": "7Apr",
    "apartment": "56",
    "house": "6",
    "entrance": "2",
    "floor": "4",
    "order": null
  }
},
{
  "model": "accounts.websiteuser",
  "pk": 21,
  "fields": {
    "name": "Asan",
    "phone_number": "+996555666777",
    "street": "7Apr",
    "apartment": "56",
    "house": "6",
    "entrance": "2",
    "floor": "4",
    "order": null
  }
},
{
  "model": "accounts.websiteuser",
  "pk": 24,
  "fields": {
    "name": "Asan",
    "phone_number": "+996555666777",
    "street": "7Apr",
    "apartment": "56",
    "house": "6",
    "entrance": "2",
    "floor": "4",
    "order": null
  }
},
{
  "model": "accounts.websiteuser",
  "pk": 25,
  "fields": {
    "name": "Asan",
    "phone_number": "+996555666777",
    "street": "7Apr",
    "apartment": "56",
    "house": "6",
    "entrance": "2",
    "floor": "4",
    "order": null
  }
},
{
  "model": "accounts.websiteuser",
  "pk": 26,
  "fields": {
    "name": "Asan",
    "phone_number": "+996555666777",
    "street": "7Apr",
    "apartment": "56",
    "house": "6",
    "entrance": "2",
    "floor": "4",
    "order": null
  }
},
{
  "model": "accounts.websiteuser",
  "pk": 27,
  "fields": {
    "name": "Asan",
    "phone_number": "+996555666777",
    "street": "7Apr",
    "apartment": "56",
    "house": "6",
    "entrance": "2",
    "floor": "4",
    "order": null
  }
},
{
  "model": "accounts.websiteuser",
  "pk": 28,
  "fields": {
    "name": "Asan",
    "phone_number": "+996555666777",
    "street": "7Apr",
    "apartment": "56",
    "house": "6",
    "entrance": "2",
    "floor": "4",
    "order": null
  }
},
{
  "model": "accounts.websiteuser",
  "pk": 29,
  "fields": {
    "name": "Asan",
    "phone_number": "+996555666777",
    "street": "7Apr",
    "apartment": "56",
    "house": "6",
    "entrance": "2",
    "floor": "4",
    "order": null
  }
},
{
  "model": "accounts.websiteuser",
  "pk": 30,
  "fields": {
    "name": "Asan",
    "phone_number": "+996555666777",
    "street": "7Apr",
    "apartment": "56",
    "house": "6",
    "entrance": "2",
    "floor": "4",
    "order": null
  }
},
{
  "model": "accounts.websiteuser",
  "pk": 33,
  "fields": {
    "name": "Asan",
    "phone_number": "+996555666777",
    "street": "7Apr",
    "apartment": "56",
    "house": "6",
    "entrance": "2",
    "floor": "4",
    "order": null
  }
},
{
  "model": "accounts.websiteuser",
  "pk": 34,
  "fields": {
    "name": "Asan",
    "phone_number": "+996555666777",
    "street": "7Apr",
    "apartment": "56",
    "house": "6",
    "entrance": "2",
    "floor": "4",
    "order": null
  }
},
{
  "model": "accounts.websiteuser",
  "pk": 35,
  "fields": {
    "name": "Asan",
    "phone_number": "+996555666777",
    "street": "7Apr",
    "apartment": "56",
    "house": "6",
    "entrance": "2",
    "floor": "4",
    "order": null
  }
},
{
  "model": "accounts.websiteuser",
  "pk": 36,
  "fields": {
    "name": "Uson",
    "phone_number": "+996700800900",
    "street": "7Apr",
    "apartment": "1",
    "house": "1",
    "entrance": "1",
    "floor": "1",
    "order": null
  }
},
{
  "model": "accounts.websiteuser",
  "pk": 37,
  "fields": {
    "name": "Uson",
    "phone_number": "+996700800900",
    "street": "7Apr",
    "apartment": "1",
    "house": "1",
    "entrance": "1",
    "floor": "1",
    "order": null
  }
},
{
  "model": "accounts.websiteuser",
  "pk": 38,
  "fields": {
    "name": "Vasya",
    "phone_number": "+996700800900",
    "street": "7Apr",
    "apartment": "1",
    "house": "1",
    "entrance": "1",
    "floor": "1",
    "order": null
  }
},
{
  "model": "accounts.websiteuser",
  "pk": 39,
  "fields": {
    "name": "Vasya",
    "phone_number": "+996700800900",
    "street": "7Apr",
    "apartment": "1",
    "house": "1",
    "entrance": "1",
    "floor": "1",
    "order": null
  }
},
{
  "model": "accounts.websiteuser",
  "pk": 40,
  "fields": {
    "name": "Vasya",
    "phone_number": "+996700800900",
    "street": "7Apr",
    "apartment": "1",
    "house": "1",
    "entrance": "1",
    "floor": "1",
    "order": null
  }
},
{
  "model": "accounts.websiteuser",
  "pk": 41,
  "fields": {
    "name": "Vasya",
    "phone_number": "+996700800900",
    "street": "7Apr",
    "apartment": "1",
    "house": "1",
    "entrance": "1",
    "floor": "1",
    "order": null
  }
},
{
  "model": "accounts.websiteuser",
  "pk": 42,
  "fields": {
    "name": "Vasya",
    "phone_number": "+996700800900",
    "street": "7Apr",
    "apartment": "1",
    "house": "1",
    "entrance": "1",
    "floor": "1",
    "order": null
  }
},
{
  "model": "accounts.websiteuser",
  "pk": 43,
  "fields": {
    "name": "Vasya",
    "phone_number": "+996700800900",
    "street": "7Apr",
    "apartment": "1",
    "house": "1",
    "entrance": "1",
    "floor": "1",
    "order": null
  }
},
{
  "model": "accounts.websiteuser",
  "pk": 44,
  "fields": {
    "name": "Vasya",
    "phone_number": "+996700800900",
    "street": "7Apr",
    "apartment": "1",
    "house": "1",
    "entrance": "1",
    "floor": "1",
    "order": null
  }
},
{
  "model": "accounts.websiteuser",
  "pk": 45,
  "fields": {
    "name": "Vasya",
    "phone_number": "+996700800900",
    "street": "7Apr",
    "apartment": "1",
    "house": "1",
    "entrance": "1",
    "floor": "1",
    "order": null
  }
},
{
  "model": "accounts.websiteuser",
  "pk": 46,
  "fields": {
    "name": "Vasya",
    "phone_number": "+996700800900",
    "street": "7Apr",
    "apartment": "1",
    "house": "1",
    "entrance": "1",
    "floor": "1",
    "order": null
  }
},
{
  "model": "accounts.websiteuser",
  "pk": 47,
  "fields": {
    "name": "Vasya",
    "phone_number": "+996700800900",
    "street": "7Apr",
    "apartment": "1",
    "house": "1",
    "entrance": "1",
    "floor": "1",
    "order": null
  }
},
{
  "model": "accounts.websiteuser",
  "pk": 48,
  "fields": {
    "name": "Vasya",
    "phone_number": "+996700800900",
    "street": "7Apr",
    "apartment": "1",
    "house": "1",
    "entrance": "1",
    "floor": "1",
    "order": null
  }
},
{
  "model": "accounts.websiteuser",
  "pk": 49,
  "fields": {
    "name": "Vasya",
    "phone_number": "+996700800900",
    "street": "7Apr",
    "apartment": "1",
    "house": "1",
    "entrance": "1",
    "floor": "1",
    "order": null
  }
},
{
  "model": "accounts.websiteuser",
  "pk": 50,
  "fields": {
    "name": "Vasya",
    "phone_number": "+996700800900",
    "street": "7Apr",
    "apartment": "1",
    "house": "1",
    "entrance": "1",
    "floor": "1",
    "order": null
  }
},
{
  "model": "accounts.websiteuser",
  "pk": 51,
  "fields": {
    "name": "Vasya",
    "phone_number": "+996700800900",
    "street": "7Apr",
    "apartment": "1",
    "house": "1",
    "entrance": "1",
    "floor": "1",
    "order": null
  }
},
{
  "model": "accounts.websiteuser",
  "pk": 52,
  "fields": {
    "name": "Vasya",
    "phone_number": "+996700800900",
    "street": "7Apr",
    "apartment": "1",
    "house": "1",
    "entrance": "1",
    "floor": "1",
    "order": null
  }
},
{
  "model": "accounts.websiteuser",
  "pk": 53,
  "fields": {
    "name": "Vasya",
    "phone_number": "+996700800900",
    "street": "7Apr",
    "apartment": "1",
    "house": "1",
    "entrance": "1",
    "floor": "1",
    "order": null
  }
},
{
  "model": "accounts.websiteuser",
  "pk": 54,
  "fields": {
    "name": "Iban",
    "phone_number": "+996700800900",
    "street": "7Apr",
    "apartment": "1",
    "house": "1",
    "entrance": "1",
    "floor": "1",
    "order": null
  }
},
{
  "model": "accounts.websiteuser",
  "pk": 55,
  "fields": {
    "name": "Iban",
    "phone_number": "+996700800900",
    "street": "7Apr",
    "apartment": "1",
    "house": "1",
    "entrance": "1",
    "floor": "1",
    "order": 166
  }
},
{
  "model": "accounts.websiteuser",
  "pk": 56,
  "fields": {
    "name": "Iban",
    "phone_number": "+996700800900",
    "street": "7Apr",
    "apartment": "1",
    "house": "1",
    "entrance": "1",
    "floor": "1",
    "order": 167
  }
},
{
  "model": "accounts.websiteuser",
  "pk": 57,
  "fields": {
    "name": "Iban",
    "phone_number": "+996700800900",
    "street": "7Apr",
    "apartment": "1",
    "house": "1",
    "entrance": "1",
    "floor": "1",
    "order": 168
  }
},
{
  "model": "accounts.websiteuser",
  "pk": 58,
  "fields": {
    "name": "Iban",
    "phone_number": "+996700800900",
    "street": "7Apr",
    "apartment": "1",
    "house": "1",
    "entrance": "1",
    "floor": "1",
    "order": 169
  }
},
{
  "model": "accounts.websiteuser",
  "pk": 59,
  "fields": {
    "name": "Iban",
    "phone_number": "+996700800900",
    "street": "7Apr",
    "apartment": "1",
    "house": "1",
    "entrance": "1",
    "floor": "1",
    "order": 170
  }
},
{
  "model": "accounts.websiteuser",
  "pk": 60,
  "fields": {
    "name": "Iban",
    "phone_number": "+996700800900",
    "street": "7Apr",
    "apartment": "1",
    "house": "1",
    "entrance": "1",
    "floor": "1",
    "order": 171
  }
},
{
  "model": "accounts.websiteuser",
  "pk": 61,
  "fields": {
    "name": "Iban",
    "phone_number": "+996700800900",
    "street": "7Apr",
    "apartment": "1",
    "house": "1",
    "entrance": "1",
    "floor": "1",
    "order": 172
  }
},
{
  "model": "accounts.websiteuser",
  "pk": 62,
  "fields": {
    "name": "Iban",
    "phone_number": "+996700800900",
    "street": "7Apr",
    "apartment": "1",
    "house": "1",
    "entrance": "1",
    "floor": "1",
    "order": 173
  }
},
{
  "model": "accounts.websiteuser",
  "pk": 63,
  "fields": {
    "name": "Iban",
    "phone_number": "+996700800900",
    "street": "7Apr",
    "apartment": "1",
    "house": "1",
    "entrance": "1",
    "floor": "1",
    "order": 174
  }
},
{
  "model": "accounts.websiteuser",
  "pk": 64,
  "fields": {
    "name": "Iban",
    "phone_number": "+996700800900",
    "street": "7Apr",
    "apartment": "1",
    "house": "1",
    "entrance": "1",
    "floor": "1",
    "order": 175
  }
},
{
  "model": "accounts.websiteuser",
  "pk": 65,
  "fields": {
    "name": "Iban",
    "phone_number": "+996700800900",
    "street": "7Apr",
    "apartment": "1",
    "house": "1",
    "entrance": "1",
    "floor": "1",
    "order": 176
  }
},
{
  "model": "accounts.websiteuser",
  "pk": 66,
  "fields": {
    "name": "Iban",
    "phone_number": "+996700800900",
    "street": "7Apr",
    "apartment": "1",
    "house": "1",
    "entrance": "1",
    "floor": "1",
    "order": 177
  }
},
{
  "model": "accounts.websiteuser",
  "pk": 67,
  "fields": {
    "name": "Iban",
    "phone_number": "+996700800900",
    "street": "7Apr",
    "apartment": "1",
    "house": "1",
    "entrance": "1",
    "floor": "1",
    "order": 178
  }
},
{
  "model": "accounts.websiteuser",
  "pk": 68,
  "fields": {
    "name": "Iban",
    "phone_number": "+996700800900",
    "street": "7Apr",
    "apartment": "1",
    "house": "1",
    "entrance": "1",
    "floor": "1",
    "order": 179
  }
},
{
  "model": "accounts.websiteuser",
  "pk": 69,
  "fields": {
    "name": "Iban",
    "phone_number": "+996700800900",
    "street": "7Apr",
    "apartment": "1",
    "house": "1",
    "entrance": "1",
    "floor": "1",
    "order": 180
  }
},
{
  "model": "accounts.websiteuser",
  "pk": 70,
  "fields": {
    "name": "Iban",
    "phone_number": "+996700800900",
    "street": "7Apr",
    "apartment": "1",
    "house": "1",
    "entrance": "1",
    "floor": "1",
    "order": 181
  }
},
{
  "model": "accounts.websiteuser",
  "pk": 71,
  "fields": {
    "name": "Peter",
    "phone_number": "+996700800900",
    "street": "7Apr",
    "apartment": "1",
    "house": "1",
    "entrance": "1",
    "floor": "1",
    "order": 182
  }
},
{
  "model": "accounts.websiteuser",
  "pk": 72,
  "fields": {
    "name": "Ivan",
    "phone_number": "+996700800900",
    "street": "7apr",
    "apartment": "1",
    "house": "1",
    "entrance": "1",
    "floor": "1",
    "order": 184
  }
},
{
  "model": "accounts.websiteuser",
  "pk": 74,
  "fields": {
    "name": "Peter",
    "phone_number": "+996700800900",
    "street": "7Apr",
    "apartment": "1",
    "house": "1",
    "entrance": "1",
    "floor": "1",
    "order": 186
  }
},
{
  "model": "accounts.websiteuser",
  "pk": 75,
  "fields": {
    "name": "Peter",
    "phone_number": "+996700800900",
    "street": "7Apr",
    "apartment": "1",
    "house": "1",
    "entrance": "1",
    "floor": "1",
    "order": 196
  }
},
{
  "model": "accounts.websiteuser",
  "pk": 76,
  "fields": {
    "name": "Peter",
    "phone_number": "+996700800900",
    "street": "7Apr",
    "apartment": "1",
    "house": "1",
    "entrance": "1",
    "floor": "1",
    "order": 197
  }
}
]
